,date,comment,counter,title,description,link
0,20181123,* Sie sprechen durcheinander. *,31,Gekaufte Abstimmungen?,"Befürworter wie auch Gegner der Selbstbestimmungs-Initiative geben Millionen von Franken aus, um das Volk zu überzeugen. Kann man Abstimmungen kaufen? Braucht es mehr Transparenz? Welche Rolle spielt Geld überhaupt in der Politik?",https://www.srf.ch/sendungen/arena/gekaufte-abstimmungen
1,20170929,* Sie sprechen durcheinander. *,21,Am runden Tisch,"Ob Unternehmenssteuer oder Altersvorsorge: In der Schweiz scheitern wichtige Reformen. Wieso? Liegt das Problem bei Politikern, bei Parteien – oder bei Medien, welche Politik immer stärker boulevardisieren und personalisieren?",https://www.srf.ch/sendungen/arena/am-runden-tisch
2,20161118,* Sie sprechen durcheinander. *,21,Kapitalismus oder Klassenkampf?,"Trump gewinnt, Europa rutscht nach rechts. Aber was sind die Rezepte der Linken dagegen? Die SP Schweiz und ihr Präsident Christian Levrat reagieren mit Kapitalismus-Kritik: Mehr soziale Gerechtigkeit sei die Lösung, finden sie.",https://www.srf.ch/sendungen/arena/kapitalismus-oder-klassenkampf
3,20180309,* Sie sprechen durcheinander. *,20,Blocher – auf zum letzten Gefecht!,"Nun geht es Schlag auf Schlag: Am Montag präsentierte der Bundesrat seine Pläne zur Europapolitik – und erhielt viel Applaus aus Wirtschaft und Politik. Am Dienstag verkündete Christoph Blocher, sich ganz auf den Kampf dagegen zu konzentrieren.",https://www.srf.ch/sendungen/arena/blocher-auf-zum-letzten-gefecht
4,20170526,* Sie sprechen durcheinander. *,20,Die Parteipräsidenten,"Fast ist Halbzeit in Bern: Was hat die erste Legislatur-Hälfte gebracht? Wer sind die Sieger, wer die Verlierer? Die grosse Analyse in der «Arena»: Wer ist schuld an der versenkten Unternehmenssteuer-Reform III? Was taugt der angebliche bürgerliche Schulterschluss? Und wie geht es weiter mit Europa?",https://www.srf.ch/sendungen/arena/die-parteipraesidenten
5,20171117,* Sie sprechen durcheinander. *,19,Profit statt Moral?,Steuervermeidung und Rohstoffhandel: Von beidem profitieren auch Schweizer Konzerne. Gleichzeitig sind weltweit viele Menschen bitterarm. Ist das eine moderne Form der kolonialen Ausbeutung – oder profitieren von einem funktionierenden Markt schlussendlich alle?,https://www.srf.ch/sendungen/arena/profit-statt-moral
6,20170922,* Sie sprechen durcheinander. *,17,Blocher gegen alle,"Ob der neue Aussenminister nun Ignazio Cassis oder Alain Berset heisst – die SVP wird ihn bekämpfen. Ist Europapolitik überhaupt möglich, solange Christoph Blocher die Fäden zieht? Oder umgekehrt: Rettet uns nur die SVP vor dem «schleichenden EU-Beitritt»?",https://www.srf.ch/sendungen/arena/blocher-gegen-alle
7,20161104,* Sie sprechen durcheinander. *,17,Wer hat das Sagen im Land?,"Unterdessen ist klar: Die Masseneinwanderungsinitiative wird nicht wirklich umgesetzt. Verrät die Politik hier das Volk? Oder liegt der Fehler bei der SVP? Spaltet die mächtigste Partei der Schweiz unnötig unser Land und macht Versprechungen, die keiner halten kann?",https://www.srf.ch/sendungen/arena/wer-hat-das-sagen-im-land
8,20170407,* Sie sprechen durcheinander. *,17,Die Attacke,"Die SVP zielt auf die Menschenrechts-Konvention: Sie möchte, dass Schweizer Recht über allem steht, auch über dem Gerichtshof für Menschenrechte in Strassburg. Wie gefährlich ist die sogenannte «Selbstbestimmungsinitiative» der SVP? Und: Wie wichtig ist es uns, alles «selbst bestimmen» zu können?",https://www.srf.ch/sendungen/arena/die-attacke
9,20170505,* Sie sprechen durcheinander. *,15,Sind wir zu freizügig?,Europa wird immer EU-kritischer: In Frankreich könnte Marine Le Pen vom «Front National» Präsidentin werden – und auch in der Schweiz wird die Personenfreizügigkeit nun frontal angegriffen. Kippt die EU?,https://www.srf.ch/sendungen/arena/sind-wir-zu-freizuegig
10,20161202,* Sie sprechen durcheinander. *,15,Zuwanderung: Der Showdown,"Die Zeit drängt: Bis am 9. Februar 2017 muss die Zuwanderungs-Initiative der SVP umgesetzt sein, so steht es in der Verfassung. Darum peitscht man das Geschäft nun durch die Räte. Am Donnerstag hat der Ständerat entschieden, wie er die Initiative umsetzen will. Am Montag ist der Nationalrat dran.",https://www.srf.ch/sendungen/arena/zuwanderung-der-showdown
11,20161111,* Sie sprechen durcheinander. *,13,Wieso Trump?,"Wie war diese Wahl möglich? Diese Frage stellen sich viele nach der Kür von Donald Trump zum US-Präsidenten. Ist Trump ein Populist, der dank Hass und Angst gewählt wurde? Oder versteht er einfach das Volk – im Gegensatz zum politischen Establishment, zur «Classe Politique»?",https://www.srf.ch/sendungen/arena/wieso-trump
12,20170519,* Lachen *,13,Eine tierische «Arena»,"Am sechsten Tag schuf Gott Mensch und Landtiere. Seither haben die einen mehr Rechte als die anderen. Zumindest in der Schweiz rückt der Tierschutz aber mehr in den Fokus, wie verschiedene Initiativen zeigen. Brauchen wir mehr Rechte für Tiere?",https://www.srf.ch/sendungen/arena/eine-tierische-arena
13,20170901,* Sie sprechen durcheinander. *,11,Wer rettet meine Rente?,"Nun greift Dreifuss ein! Für die grosse Rentendebatte steigt alt Bundesrätin Ruth Dreifuss in die «Arena». Ihr Gegner im Ring ist eine Legende der liberalen Politik: Der frühere Präsident der Economiesuisse, Gerold Bührer. Ist diese Reform bitter nötig oder brandgefährlich?",https://www.srf.ch/sendungen/arena/wer-rettet-meine-rente
14,20160610,* Sie sprechen durcheinander. *,11,Frauen am Herd?,"Wieso bleiben so viele gut ausgebildete Frauen am Herd, sobald sie Kinder bekommen? Liegt es daran, dass Familie und Beruf kaum vereinbar sind? Oder liegt es vielleicht doch an den natürlichen Unterschieden zwischen Mann und Frau?",https://www.srf.ch/sendungen/arena/frauen-am-herd
15,20171110,* Applaus *,11,Kampf um die Jets – Bundesrat Parmelin in der Arena,Neue Kampfjets – dafür will der Bundesrat bis zu 8 Milliarden Franken ausgeben. Doch braucht die Schweiz überhaupt eine Luftwaffe? Und: Muss sie so teuer sein? Nun steigt Bundesrat Parmelin selber in den Ring und verteidigt in der «Arena» seine 8-Milliarden-Luftwaffe.,https://www.srf.ch/sendungen/arena/kampf-um-die-jets-bundesrat-parmelin-in-der-arena
16,20180518,* Sie sprechen durcheinander. *,10,Sollen Tamynique heiraten dürfen?,"Auch homosexuelle Paare in der Schweiz sollen ein Recht auf die Ehe haben, findet die GLP. Was spricht für, was gegen die «Ehe für alle»? Gegner argumentieren, dass als nächstes das Recht auf Adoption für homosexuelle Paare gefordert wird - und dann die Leihmutterschaft. Ginge das zu weit?",https://www.srf.ch/sendungen/arena/sollen-tamynique-heiraten-duerfen
17,20170317,* Sie sprechen durcheinander. *,9,Fremde Redner,"Laute Proteste, angekündigte Demonstrationen und schliesslich die Absage: Die Wogen gingen hoch, als bekannt wurde, dass der Auftritt des türkischen Aussenministers bevorstand. Soll türkische Propaganda in der Schweiz verboten werden? Oder schützt die Meinungsäusserungsfreiheit auch fremde Redner?",https://www.srf.ch/sendungen/arena/fremde-redner
18,20170324,* Sie sprechen durcheinander. *,9,Auf in die EU?,"Vor 25 Jahren war der EU-Beitritt für viele eine Option, heute kommt schon die Frage danach einem Tabubruch gleich. Nur wenige – wie die schweizerisch-europäische Jugendorganisation YES – wollen noch immer in die EU. Woher diese grosse Einigkeit? Und: Ist verrückt, wer heute noch an die EU glaubt?",https://www.srf.ch/sendungen/arena/auf-in-die-eu
19,20190201,* Sie sprechen durcheinander. *,9,"Spitzenmedizin, aber bitte günstig!",Das Bundesgericht hat ein Machtwort gesprochen: Von Prämienverbilligungen muss auch der Mittelstand profitieren dürfen. Sind staatliche Verbilligungen die Lösung für die hohen Prämien - oder braucht es echte Sparmassnahmen im Gesundheitssystem?,https://www.srf.ch/sendungen/arena/spitzenmedizin-aber-bitte-guenstig
20,20160422,* Sie sprechen durcheinander. *,8,Abstimmungs-Arena: Asylgesetzrevision,In einem sind sich alle einig: Lange Asylverfahren sind aufwendig und teuer. Mit der Asylgesetzrevision sollen nun die Verfahren beschleunigt werden. Die SVP ergriff letzten Herbst dagegen das Referendum. Grund: die Asylgesetzrevision setze mit sogenannten «Gratisanwälten» falsche Anreize.,https://www.srf.ch/sendungen/arena/abstimmungs-arena-asylgesetzrevision
21,20180907,* Sie sprechen durcheinander. *,8,Schweizer Waffen in Bürgerkriegsländer?,"Der Bundesrat will die Exportbestimmungen für Kriegsmaterial lockern. Befürworter sagen, dies sei nötig für den Erhalt unserer Arbeitsplätze und der Wehrfähigkeit der Schweiz. Gegner warnen vor Missbrauchsgefahr und einem Verrat an Schweizer Werten.",https://www.srf.ch/sendungen/arena/schweizer-waffen-in-buergerkriegslaender
22,20160924,* Sie sprechen durcheinander. *,8,«Inländervorrang light» - ist das der Volkswille?,Der Nationalrat debattierte am Mittwoch über die Umsetzung der «Masseneinwanderungsinitiative». Das Resultat: Eine Meldepflicht für offene Stellen in Zeiten von hoher Zuwanderung – ein «Inländervorrang light». Ist die Initiative der SVP damit genügend umgesetzt oder nicht?,https://www.srf.ch/sendungen/arena/inlaendervorrang-light-ist-das-der-volkswille
23,20180921,* Sie sprechen durcheinander. *,8,Präsidenten-«Arena»: Politik am Volk vorbei?,"Während beim Rahmenabkommen ein Abschluss in weiter Ferne liegt, hat das Parlament bei Steuerreform, AHV und Waffenrecht Lösungen gefunden. Doch haben diese vor dem Volk Bestand? Oder politisiert Bundesbern am Volk vorbei? Diese Fragen diskutieren die Parteipräsidenten in der «Arena».",https://www.srf.ch/sendungen/arena/praesidenten-arena-politik-am-volk-vorbei
24,20161111,* Lachen *,8,Wieso Trump?,"Wie war diese Wahl möglich? Diese Frage stellen sich viele nach der Kür von Donald Trump zum US-Präsidenten. Ist Trump ein Populist, der dank Hass und Angst gewählt wurde? Oder versteht er einfach das Volk – im Gegensatz zum politischen Establishment, zur «Classe Politique»?",https://www.srf.ch/sendungen/arena/wieso-trump
25,20190222,* Sie sprechen durcheinander. *,8,"Achtung, fertig, Wahlen!","SP und SVP verlieren, Grüne und Grünliberale gewinnen. So würden die Wahlresultate aktuell aussehen. Bleibt das so? Und wie wirkt sich dieses Zwischenresultat auf die Politik aus? Kommt jetzt ein scharfes CO2-Gesetz? Und wie geht es weiter in der Europa-Debatte?",https://www.srf.ch/sendungen/arena/achtung-fertig-wahlen
26,20160826,* Sie sprechen durcheinander. *,7,Arena: An der Südgrenze,"Sie sitzen seit Wochen in Como fest. Sie sind gestrandet an der Schweizer Grenze. Und hoffen noch immer auf die Reise in den Norden. Wie geht die Schweiz mit den Flüchtlingen um? Stimmen die Vorwürfe, dass die Südgrenze kaum mehr passierbar ist? Und was sind die Anliegen des Tessins?",https://www.srf.ch/sendungen/arena/arena-an-der-suedgrenze
27,20190215,* Sie sprechen durcheinander. *,7,Alle Macht den Alten?,"Jahr für Jahr werden wir älter – und zwar nicht nur jede und jeder Einzelne von uns, sondern auch die Schweiz insgesamt. Wo profitieren wir von den älteren Generationen, und wo entwickeln sich Spannungen? Werden die Jungen künftig überstimmt? Werden sie bei der Rente sogar betrogen?",https://www.srf.ch/sendungen/arena/alle-macht-den-alten
28,20161014,* Sie sprechen durcheinander. *,7,"Jobs weg, Freiheit weg – globalisieren wir die Schweiz kaputt?",Neue globale Handelsabkommen wie TTIP sollen die Wirtschaft auf Touren bringen. Aber würden sie das wirklich – oder schaden sie eher den Konsumenten? Und: Bedrohen die neuartigen Abkommen sogar unsere Demokratie?,https://www.srf.ch/sendungen/arena/jobs-weg-freiheit-weg-globalisieren-wir-die-schweiz-kaputt
29,20170922,* Lachen *,7,Blocher gegen alle,"Ob der neue Aussenminister nun Ignazio Cassis oder Alain Berset heisst – die SVP wird ihn bekämpfen. Ist Europapolitik überhaupt möglich, solange Christoph Blocher die Fäden zieht? Oder umgekehrt: Rettet uns nur die SVP vor dem «schleichenden EU-Beitritt»?",https://www.srf.ch/sendungen/arena/blocher-gegen-alle
30,20171215,* Sie sprechen durcheinander. *,7,Schnüffeln im Sozialstaat?,"Die Überwachung von IV-Bezügern soll erlaubt werden. Sind Detektive mit Kamera und GPS-Tracker ein wichtiges Mittel, um Missbrauch aufzudecken – oder werden hier ehrliche Bürger schikaniert und ausspioniert? Sind unsere Sozialwerke ein wichtiges Sicherheitsnetz oder eine allzu gemütliche Hängematte?",https://www.srf.ch/sendungen/arena/schnueffeln-im-sozialstaat
31,20181109,* Sie sprechen durcheinander. *,6,«Abstimmungs-Arena»: Selbstbestimmungs-Initiative,Die Abstimmung über die Selbstbestimmungs-Initiative (SBI) der SVP ist die wichtigste Abstimmung seit langem – darin sind Befürworter und Gegner einig. Doch ansonsten gehen die Meinungen weit auseinander. Rettet die SBI unsere Volksrechte? Oder gefährdet sie die Schweiz?,https://www.srf.ch/sendungen/arena/abstimmungs-arena-selbstbestimmungs-initiative
32,20161021,* Sie sprechen durcheinander. *,6,Das heilige Land,Unter ihrem neuen Präsidenten Gerhard Pfister rückt die CVP scharf nach rechts – und will in der Schweiz christliche Werte verteidigen. Braucht unser Land diese Rückbesinnung auf das Christentum? Oder ist die Schweiz ebenso sehr ein jüdisches und ein muslimisches Land?,https://www.srf.ch/sendungen/arena/das-heilige-land
33,20180309,* Applaus *,6,Blocher – auf zum letzten Gefecht!,"Nun geht es Schlag auf Schlag: Am Montag präsentierte der Bundesrat seine Pläne zur Europapolitik – und erhielt viel Applaus aus Wirtschaft und Politik. Am Dienstag verkündete Christoph Blocher, sich ganz auf den Kampf dagegen zu konzentrieren.",https://www.srf.ch/sendungen/arena/blocher-auf-zum-letzten-gefecht
34,20171013,* Sie sprechen durcheinander. *,6,Politik – alles nur gekauft?,"Politik kostet Geld. Woher es kommt, weiss jedoch niemand. Das will die Transparenz-Initiative nun ändern. Parteien und Komitees sollen transparent machen, woher sie wie viel Geld haben. Gegner erwidern: Die Initiative verletze die Privatsphäre der Bürger.",https://www.srf.ch/sendungen/arena/politik-alles-nur-gekauft
35,20160701,* Signalton *,6,"Zu alt, um zu leben?","Immer mehr alte Menschen haben den Wunsch, sich mit Hilfe einer Sterbehilfeorganisation das Leben nehmen zu können – auch wenn sie nicht todkrank sind. Ist das richtig und gehört auch ein selbstbestimmter Tod zum Leben? Oder führt das zu Druck auf alte Menschen, frühzeitig aus dem Leben zu scheiden?",https://www.srf.ch/sendungen/arena/zu-alt-um-zu-leben
36,20180511,* Sie sprechen durcheinander. *,6,«Abstimmungs-Arena»: Vollgeld-Initiative,"Die Vollgeld-Initiative ist die komplizierteste Vorlage seit Ewigkeiten. Doch nun wird in der «Abstimmungsarena» erklärt, worum es geht – und Bundesrat Ueli Maurer tritt an gegen die Initianten. Wer soll unser Geld schöpfen? Und wer profitiert davon?",https://www.srf.ch/sendungen/arena/abstimmungs-arena-vollgeld-initiative
37,20160617,* Sie sprechen durcheinander. *,6,Gut genug für den Schweizer Pass?,"Die Schweiz hat europaweit eines der strengsten Einbürgerungsregimes. Was erwarten wir von Ausländern, die eingebürgert werden wollen? Sind die Hürden zum Pass heute zu hoch? Oder bürgert die Schweiz Ausländer zu schnell und zu unkritisch ein?",https://www.srf.ch/sendungen/arena/gut-genug-fuer-den-schweizer-pass
38,20170331,* Sie sprechen durcheinander. *,6,"Klick, Like, Hass","Beleidigungen, Ehrverletzungen, Morddrohungen – im Internet gehört das zur Tagesordnung. Bürger und Politiker sind betroffen. Haben wir den Anstand verloren? Verroht nun auch die Politik? Und: Woher kommt diese neue Lust am Hass?",https://www.srf.ch/sendungen/arena/klick-like-hass
39,20171110,* Sie sprechen durcheinander. *,6,Kampf um die Jets – Bundesrat Parmelin in der Arena,Neue Kampfjets – dafür will der Bundesrat bis zu 8 Milliarden Franken ausgeben. Doch braucht die Schweiz überhaupt eine Luftwaffe? Und: Muss sie so teuer sein? Nun steigt Bundesrat Parmelin selber in den Ring und verteidigt in der «Arena» seine 8-Milliarden-Luftwaffe.,https://www.srf.ch/sendungen/arena/kampf-um-die-jets-bundesrat-parmelin-in-der-arena
40,20181116,* Sie sprechen durcheinander. *,6,Unser Europarat,Ob beim Referendum gegen Versicherungsdetektive oder bei der aktuellen SVP-Initiative: Alle reden vom Europäischen Gerichtshof für Menschenrechte und vom Europarat. Doch was machen diese zwei überhaupt? Die «Arena» lädt zu einer Diskussion am runden Tisch.,https://www.srf.ch/sendungen/arena/unser-europarat
41,20170331,* Signalton *,6,"Klick, Like, Hass","Beleidigungen, Ehrverletzungen, Morddrohungen – im Internet gehört das zur Tagesordnung. Bürger und Politiker sind betroffen. Haben wir den Anstand verloren? Verroht nun auch die Politik? Und: Woher kommt diese neue Lust am Hass?",https://www.srf.ch/sendungen/arena/klick-like-hass
42,20180622,* Lachen *,6,SRG und Private – wer profitiert vom neuen Mediengesetz?,Wie weiter mit den Schweizer Medien? Drei Monate nach «No Billag» flammt diese Diskussion wieder auf. Wofür sollen wir in Zukunft Gebühren zahlen? Muss die SRG sich verändern? Und: Wie bedroht sind Qualität und Meinungsvielfalt in der Presse?,https://www.srf.ch/sendungen/arena/srg-und-private-wer-profitiert-vom-neuen-mediengesetz
43,20170915,* Sie sprechen durcheinander. *,5,Wer wird Bundesrat?,"Wer wird neue Bundesrätin oder neuer Bundesrat? In der «Arena» treffen sich die sieben Parteipräsidenten. Setzen sie auf Isabelle Moret, Ignazio Cassis oder Pierre Maudet? Ist das Tessin oder sind die Frauen an der Reihe? Und: Zählt bei der Wahl Kalkül – oder Kompetenz?",https://www.srf.ch/sendungen/arena/wer-wird-bundesrat
44,20180302,* Sie sprechen durcheinander. *,5,Bauern auf die Schlachtbank?,Für unsere Bauern könnte es existenzbedrohend sein: Ein Freihandelsabkommen mit den südamerikanischen Mercosur-Staaten. Das behauptet Bauern-Präsident Markus Ritter. Seine Gegner aus der Industrie halten dagegen: Ein Abkommen sei wichtig – und Ritter habe jedes Augenmass verloren. Wer hat Recht?,https://www.srf.ch/sendungen/arena/bauern-auf-die-schlachtbank
45,20180629,* Sie sprechen durcheinander. *,5,Anpacken statt Kofferpacken!,"Erst die Arbeit, dann das Vergnügen! Das gilt auch für Sie, liebe Politiker. Denn noch sind keine Ferien – wichtige Probleme sind ungelöst. Die Zeit drängt, ob bei den Bilateralen oder der AHV. Und auch die Flüchtlingskrise wird wieder zum Thema.",https://www.srf.ch/sendungen/arena/anpacken-statt-kofferpacken
46,20160924,* Applaus *,5,«Inländervorrang light» - ist das der Volkswille?,Der Nationalrat debattierte am Mittwoch über die Umsetzung der «Masseneinwanderungsinitiative». Das Resultat: Eine Meldepflicht für offene Stellen in Zeiten von hoher Zuwanderung – ein «Inländervorrang light». Ist die Initiative der SVP damit genügend umgesetzt oder nicht?,https://www.srf.ch/sendungen/arena/inlaendervorrang-light-ist-das-der-volkswille
47,20181026,* Sie sprechen durcheinander. *,5,«Abstimmungs-Arena»: Überwachung Sozialversicherte,"Sollen Sozialversicherungen Detektive einsetzen können, um Missbrauch aufzudecken? Unter welchen Bedingungen und mit welchen Mitteln sollen Versicherte überwacht werden? Befürworter sagen, das neue Gesetz sei notwendig und verhältnismässig. Kritiker befürchten hingegen eine grenzenlose Überwachung.",https://www.srf.ch/sendungen/arena/abstimmungs-arena-ueberwachung-sozialversicherte
48,20180622,* Signalton *,5,SRG und Private – wer profitiert vom neuen Mediengesetz?,Wie weiter mit den Schweizer Medien? Drei Monate nach «No Billag» flammt diese Diskussion wieder auf. Wofür sollen wir in Zukunft Gebühren zahlen? Muss die SRG sich verändern? Und: Wie bedroht sind Qualität und Meinungsvielfalt in der Presse?,https://www.srf.ch/sendungen/arena/srg-und-private-wer-profitiert-vom-neuen-mediengesetz
49,20190208,* Sie sprechen durcheinander. *,5,Heidis Heimatland?,"Es ist Wahljahr – und die Frage stellt sich akuter denn je. Wer sind wir? Ist die Schweiz die Nation der Alphörner und Cervelats, eine Nation mit christlicher Leitkultur? Oder sind wir ein Kleinstaat, dessen Erfolg seit jeher von Offenheit und Austausch geprägt war?",https://www.srf.ch/sendungen/arena/heidis-heimatland
50,20171027,* Sie sprechen durcheinander. *,5,Rente - nun erst mit 70?,"Bundesrat Berset lädt die Gewinner und die Verlierer der Abstimmung zur Altersvorsorge 2020 an den runden Tisch. Das Ziel: eine neue Reform, denn die ist dringend notwendig. Aber wie soll diese aussehen, damit sie vor dem Stimmvolk besteht? Und: Müssen wir bald viel länger arbeiten?",https://www.srf.ch/sendungen/arena/rente-nun-erst-mit-70
51,20160415,* Signalton *,5,Der Notfallplan - müssen wir uns gegen die Flüchtlinge wehren?,"Die Balkanroute ist zu, die Flüchtlingsroute übers Mittelmeer nach Italien rückt wieder in den Fokus. Österreich schliesst die Grenze – und Frankreich könnte erneut dasselbe tun. Übrig bleibt als Ziel: die Schweiz. Was erwartet uns diesen Sommer?",https://www.srf.ch/sendungen/arena/der-notfallplan-muessen-wir-uns-gegen-die-fluechtlinge-wehren
52,20180622,* Sie sprechen durcheinander. *,5,SRG und Private – wer profitiert vom neuen Mediengesetz?,Wie weiter mit den Schweizer Medien? Drei Monate nach «No Billag» flammt diese Diskussion wieder auf. Wofür sollen wir in Zukunft Gebühren zahlen? Muss die SRG sich verändern? Und: Wie bedroht sind Qualität und Meinungsvielfalt in der Presse?,https://www.srf.ch/sendungen/arena/srg-und-private-wer-profitiert-vom-neuen-mediengesetz
53,20170908,* Sie sprechen durcheinander. *,4,Abstimmungs-Arena: «Altersvorsorge 2020»,"Am 24. September stimmen wir über die «Altersvorsorge 2020» ab. Sie betrifft uns alle: Frauen sollen bis 65 arbeiten, die Pensionskassen saniert werden und die Renten stabil bleiben. Ist die Reform dringend nötig und ein wichtiger Kompromiss – oder handelt es sich um eine gefährliche «Scheinreform»?",https://www.srf.ch/sendungen/arena/abstimmungs-arena-altersvorsorge-2020
54,20170317,* Applaus *,4,Fremde Redner,"Laute Proteste, angekündigte Demonstrationen und schliesslich die Absage: Die Wogen gingen hoch, als bekannt wurde, dass der Auftritt des türkischen Aussenministers bevorstand. Soll türkische Propaganda in der Schweiz verboten werden? Oder schützt die Meinungsäusserungsfreiheit auch fremde Redner?",https://www.srf.ch/sendungen/arena/fremde-redner
55,20170505,* Applaus *,4,Sind wir zu freizügig?,Europa wird immer EU-kritischer: In Frankreich könnte Marine Le Pen vom «Front National» Präsidentin werden – und auch in der Schweiz wird die Personenfreizügigkeit nun frontal angegriffen. Kippt die EU?,https://www.srf.ch/sendungen/arena/sind-wir-zu-freizuegig
56,20161125,* Sie sprechen durcheinander. *,4,Vergoldete Bauern?,"Die Schweiz spart – und das erfolgreich: bei den Ausgaben für Bildung, Entwicklungshilfe, selbst bei der Armee. Die Bauern aber blieben etwa in der Sparrunde vom letzten Dezember verschont. Ist das richtig, weil die Bauern zu unserer Tradition gehören? Oder müssten auch sie vermehrt Federn lassen?",https://www.srf.ch/sendungen/arena/vergoldete-bauern
57,20180105,* Lachen *,4,No Billag - jetzt redet das Volk!,Braucht es Radio- und TV-Gebühren? Das ist die dominierende politische Frage im neuen Jahr. Nun greifen die Billag-Zahler in die Debatte ein – in der grossen «Publikumsarena» zu No Billag.,https://www.srf.ch/sendungen/arena/no-billag-jetzt-redet-das-volk
58,20170407,* Signalton *,4,Die Attacke,"Die SVP zielt auf die Menschenrechts-Konvention: Sie möchte, dass Schweizer Recht über allem steht, auch über dem Gerichtshof für Menschenrechte in Strassburg. Wie gefährlich ist die sogenannte «Selbstbestimmungsinitiative» der SVP? Und: Wie wichtig ist es uns, alles «selbst bestimmen» zu können?",https://www.srf.ch/sendungen/arena/die-attacke
59,20181019,* Sie sprechen durcheinander. *,4,«Publikumsarena»: Selbstbestimmungsinitiative,Mit der Selbstbestimmungsinitiative will die SVP die Bundesverfassung in allen Fällen über das Völkerrecht stellen. Eine Selbstverständlichkeit? Oder das Ende des «Erfolgsmodells Schweiz»? Die «Publikumsarena» sucht Antworten.,https://www.srf.ch/sendungen/arena/publikumsarena-selbstbestimmungsinitiative
60,20161007,* Signalton *,4,Krankes Gesundheitssystem?,"Wenn im Herbst Post der Krankenkasse ins Haus flattert, steigen meistens die Prämien: Dieses Mal um durchschnittlich 4.5 %. Das schmerzt im Portemonnaie. Warum zahlen wir jedes Jahr mehr für unsere Gesundheitsversorgung? Und wer ist Schuld daran?",https://www.srf.ch/sendungen/arena/krankes-gesundheitssystem
61,20160924,* Signalton *,4,«Inländervorrang light» - ist das der Volkswille?,Der Nationalrat debattierte am Mittwoch über die Umsetzung der «Masseneinwanderungsinitiative». Das Resultat: Eine Meldepflicht für offene Stellen in Zeiten von hoher Zuwanderung – ein «Inländervorrang light». Ist die Initiative der SVP damit genügend umgesetzt oder nicht?,https://www.srf.ch/sendungen/arena/inlaendervorrang-light-ist-das-der-volkswille
62,20180112,* Sie sprechen durcheinander. *,4,«Präsidialarena» mit Alain Berset,"Neues Jahr, neues Glück! Kann der neue Bundespräsident die Renten retten? Lassen sich die Gesundheitskosten bremsen? Und: Kann unser Verhältnis zur EU im 2018 geklärt werden?",https://www.srf.ch/sendungen/arena/praesidialarena-mit-alain-berset
63,20160401,* Signalton *,4,Angst vor dem Islam,Islamistisch motivierte Anschläge wie jüngst in Brüssel führen auch in der Schweiz zu Angst vor dem Islam. Wie gehen die Muslime damit um? Und: Was hat der Islam mit den IS-Selbstmordattentätern zu tun?,https://www.srf.ch/sendungen/arena/angst-vor-dem-islam
64,20171124,* Sie sprechen durcheinander. *,4,Schweiz und EU – 25 Jahre nach dem EWR-Nein,Trotz der freundlichen Worte von EU-Kommissionspräsident Jean-Claude Juncker: Auch 25 Jahre nach dem EWR-Nein ist unser Verhältnis zur EU schwierig. Nun steigen die damaligen Kontrahenten Christoph Blocher und Franz Steinegger nochmals in den Ring.,https://www.srf.ch/sendungen/arena/schweiz-und-eu-25-jahre-nach-dem-ewr-nein
65,20190111,* Sie sprechen durcheinander. *,4,Kaltherzige Schweiz?,"Die Schweiz ist eines der reichsten Länder der Welt. Aber auch hier sind Menschen von Armut betroffen. Im Winter heisst das: Wer kein Geld hat für einen warmen Mantel, der friert. Ermöglicht Sozialhilfe heute allen in der Schweiz ein würdiges Leben – oder ist sie zu knapp bemessen?",https://www.srf.ch/sendungen/arena/kaltherzige-schweiz
66,20181102,* Lachen *,4,«Abstimmungs-Arena»: Hornkuh-Initiative,"Mehr Kühe mit Hörnern – das will die Hornkuh-Initiative. Heute werden die meisten Kühe enthornt, was den Tieren grosse Schmerzen bereite, so die Initianten. Sie fordern Geld für Halter von behornten Kühen und Ziegen. Die Gegner warnen indes vor einem erhöhten Verletzungsrisiko für Mensch und Tier.",https://www.srf.ch/sendungen/arena/abstimmungs-arena-hornkuh-initiative
67,20170428,* Sie sprechen durcheinander. *,4,Abstimmungs-Arena: «Energiestrategie»,"Langfristig aus der Kernenergie aussteigen und stattdessen erneuerbare Energien fördern – das will das neue Energiegesetz. Dies sei im Sinne der Nachhaltigkeit wichtig für die Zukunft der Schweiz, sagen die Befürworter. Die Gegner hingegen warnen vor Versorgungsengpässen und hohen Kosten.",https://www.srf.ch/sendungen/arena/abstimmungs-arena-energiestrategie
68,20180504,* Signalton *,3,EU-Debatte – die Wirtschaft erwacht,"Der Bundesrat will es, fast alle Parteien wollen es und nun will es auch die Wirtschaft – ein Rahmenabkommen mit der EU. Gleichzeitig warnen die Gewerkschaften vor Billigarbeitern aus der EU und drohen mit Opposition. Wem nützt das Rahmenabkommen – und was kostet es?",https://www.srf.ch/sendungen/arena/eu-debatte-die-wirtschaft-erwacht
69,20161014,* Signalton *,3,"Jobs weg, Freiheit weg – globalisieren wir die Schweiz kaputt?",Neue globale Handelsabkommen wie TTIP sollen die Wirtschaft auf Touren bringen. Aber würden sie das wirklich – oder schaden sie eher den Konsumenten? Und: Bedrohen die neuartigen Abkommen sogar unsere Demokratie?,https://www.srf.ch/sendungen/arena/jobs-weg-freiheit-weg-globalisieren-wir-die-schweiz-kaputt
70,20160513,* Lachen *,3,Abstimmungs-Arena: Service-Public-Initiative,"Managerlöhne bei Post, SBB und Swisscom sollen gekürzt werden. Dies fordert die Service-Public-Initiative. Ausserdem dürften die bundesnahen Betriebe im Bereich der Grundversorgung keinen Gewinn mehr machen. Würde dies den Service public stärken – oder ruinieren?",https://www.srf.ch/sendungen/arena/abstimmungs-arena-service-public-initiative
71,20160506,* Sie sprechen durcheinander. *,3,Abstimmungs-Arena: Milchkuh-Initiative,"Mehr Geld für die Strasse – das will die sogenannte «Milchkuh-Initiative». Das führe zu weniger Stau und flüssigerem Verkehr, sagen die Befürworter. Das stimmt nicht, sagen die Gegner: Mehr Strassen führe lediglich zu noch mehr Verkehr – und ausserdem drohe bei einem Ja ein Loch in der Bundeskasse.",https://www.srf.ch/sendungen/arena/abstimmungs-arena-milchkuh-initiative
72,20170303,* Sie sprechen durcheinander. *,3,Rentenreform auf der Kippe?,"Es braucht eine Rentenreform – darin sind sich fast alle Politiker einig. Der Grund: Wir leben immer länger, die aktive Generation zahlt für immer mehr Ältere. Nur: Wie soll die Reform aussehen? Und: Wie kann das Stimmvolk davon überzeugt werden, dass es mehr für seine Vorsorge zahlen soll?",https://www.srf.ch/sendungen/arena/rentenreform-auf-der-kippe
73,20170310,* Signalton *,3,Sollte die nicht bei den Kindern sein?,"Wieso ist die nicht bei ihren Kindern? Das hören viele Frauen, die wie Christa Rigozzi bald nach der Geburt wieder arbeiten. Zum Frauentag fragt die «Arena»: Sind Frauen heute gleichberechtigt? Wieso gibt es so wenige Chefinnen? Und umgekehrt: Hat nicht auch die traditionelle Familie ihre Vorteile?",https://www.srf.ch/sendungen/arena/sollte-die-nicht-bei-den-kindern-sein
74,20160506,* Lachen *,3,Abstimmungs-Arena: Milchkuh-Initiative,"Mehr Geld für die Strasse – das will die sogenannte «Milchkuh-Initiative». Das führe zu weniger Stau und flüssigerem Verkehr, sagen die Befürworter. Das stimmt nicht, sagen die Gegner: Mehr Strassen führe lediglich zu noch mehr Verkehr – und ausserdem drohe bei einem Ja ein Loch in der Bundeskasse.",https://www.srf.ch/sendungen/arena/abstimmungs-arena-milchkuh-initiative
75,20190208,* Applaus *,3,Heidis Heimatland?,"Es ist Wahljahr – und die Frage stellt sich akuter denn je. Wer sind wir? Ist die Schweiz die Nation der Alphörner und Cervelats, eine Nation mit christlicher Leitkultur? Oder sind wir ein Kleinstaat, dessen Erfolg seit jeher von Offenheit und Austausch geprägt war?",https://www.srf.ch/sendungen/arena/heidis-heimatland
76,20160930,* Sie sprechen durcheinander. *,3,Rentenreform 2020: Rettung oder Reinfall?,"Die Zukunft unserer Renten – darüber debattiert der Nationalrat heftig. Wird es künftig weniger Rente geben? Oder müssen allfällige Kürzungen anderswo kompensiert werden, damit Rentner auch weiterhin gleich viel im Portemonnaie haben wie bisher?",https://www.srf.ch/sendungen/arena/rentenreform-2020-rettung-oder-reinfall
77,20171124,* Signalton *,3,Schweiz und EU – 25 Jahre nach dem EWR-Nein,Trotz der freundlichen Worte von EU-Kommissionspräsident Jean-Claude Juncker: Auch 25 Jahre nach dem EWR-Nein ist unser Verhältnis zur EU schwierig. Nun steigen die damaligen Kontrahenten Christoph Blocher und Franz Steinegger nochmals in den Ring.,https://www.srf.ch/sendungen/arena/schweiz-und-eu-25-jahre-nach-dem-ewr-nein
78,20160415,* Applaus *,3,Der Notfallplan - müssen wir uns gegen die Flüchtlinge wehren?,"Die Balkanroute ist zu, die Flüchtlingsroute übers Mittelmeer nach Italien rückt wieder in den Fokus. Österreich schliesst die Grenze – und Frankreich könnte erneut dasselbe tun. Übrig bleibt als Ziel: die Schweiz. Was erwartet uns diesen Sommer?",https://www.srf.ch/sendungen/arena/der-notfallplan-muessen-wir-uns-gegen-die-fluechtlinge-wehren
79,20160408,* Applaus *,3,Schweiz ohne Gott?,Zwei muslimische Schüler wollen ihrer Lehrerin aus religiösen Gründen die Hand nicht geben. Ist das die Spitze des Eisberges eines Integrationsproblems oder nur ein Einzelfall? Und: Hat Religion überhaupt etwas an den Schulen verloren?,https://www.srf.ch/sendungen/arena/schweiz-ohne-gott
80,20180622,* Applaus *,3,SRG und Private – wer profitiert vom neuen Mediengesetz?,Wie weiter mit den Schweizer Medien? Drei Monate nach «No Billag» flammt diese Diskussion wieder auf. Wofür sollen wir in Zukunft Gebühren zahlen? Muss die SRG sich verändern? Und: Wie bedroht sind Qualität und Meinungsvielfalt in der Presse?,https://www.srf.ch/sendungen/arena/srg-und-private-wer-profitiert-vom-neuen-mediengesetz
81,20161014,* Applaus *,3,"Jobs weg, Freiheit weg – globalisieren wir die Schweiz kaputt?",Neue globale Handelsabkommen wie TTIP sollen die Wirtschaft auf Touren bringen. Aber würden sie das wirklich – oder schaden sie eher den Konsumenten? Und: Bedrohen die neuartigen Abkommen sogar unsere Demokratie?,https://www.srf.ch/sendungen/arena/jobs-weg-freiheit-weg-globalisieren-wir-die-schweiz-kaputt
82,20190215,* Lachen *,3,Alle Macht den Alten?,"Jahr für Jahr werden wir älter – und zwar nicht nur jede und jeder Einzelne von uns, sondern auch die Schweiz insgesamt. Wo profitieren wir von den älteren Generationen, und wo entwickeln sich Spannungen? Werden die Jungen künftig überstimmt? Werden sie bei der Rente sogar betrogen?",https://www.srf.ch/sendungen/arena/alle-macht-den-alten
83,20180518,* Lachen *,3,Sollen Tamynique heiraten dürfen?,"Auch homosexuelle Paare in der Schweiz sollen ein Recht auf die Ehe haben, findet die GLP. Was spricht für, was gegen die «Ehe für alle»? Gegner argumentieren, dass als nächstes das Recht auf Adoption für homosexuelle Paare gefordert wird - und dann die Leihmutterschaft. Ginge das zu weit?",https://www.srf.ch/sendungen/arena/sollen-tamynique-heiraten-duerfen
84,20170421,* Sie sprechen durcheinander. *,3,Ü50 - chancenlos?,"Den Job zu verlieren – der Albtraum jedes Arbeitnehmenden. Eine Altersgruppe trifft es besonders hart: Arbeitslose über 50 finden kaum mehr eine neue Stelle. Weshalb verzichten Firmen auf erfahrene Arbeitskräfte? Und: Was müssen Betroffene machen, um wieder attraktiver für die Unternehmen zu werden?",https://www.srf.ch/sendungen/arena/ue50-chancenlos
85,20171110,* Lachen *,3,Kampf um die Jets – Bundesrat Parmelin in der Arena,Neue Kampfjets – dafür will der Bundesrat bis zu 8 Milliarden Franken ausgeben. Doch braucht die Schweiz überhaupt eine Luftwaffe? Und: Muss sie so teuer sein? Nun steigt Bundesrat Parmelin selber in den Ring und verteidigt in der «Arena» seine 8-Milliarden-Luftwaffe.,https://www.srf.ch/sendungen/arena/kampf-um-die-jets-bundesrat-parmelin-in-der-arena
86,20161125,* Signalton *,3,Vergoldete Bauern?,"Die Schweiz spart – und das erfolgreich: bei den Ausgaben für Bildung, Entwicklungshilfe, selbst bei der Armee. Die Bauern aber blieben etwa in der Sparrunde vom letzten Dezember verschont. Ist das richtig, weil die Bauern zu unserer Tradition gehören? Oder müssten auch sie vermehrt Federn lassen?",https://www.srf.ch/sendungen/arena/vergoldete-bauern
87,20180323,* Sie sprechen durcheinander. *,3,Sparen bei den Schwächsten?,Die Schraube anziehen bei den Armen – das wollen viele Kantone und der Nationalrat. Sozialhilfe und Ergänzungsleistungen sind unter Druck. Zu Recht? Sind wir zu grosszügig? Oder reicht die staatliche Unterstützung heute schon kaum zum Leben?,https://www.srf.ch/sendungen/arena/sparen-bei-den-schwaechsten
88,20160610,* Signalton *,3,Frauen am Herd?,"Wieso bleiben so viele gut ausgebildete Frauen am Herd, sobald sie Kinder bekommen? Liegt es daran, dass Familie und Beruf kaum vereinbar sind? Oder liegt es vielleicht doch an den natürlichen Unterschieden zwischen Mann und Frau?",https://www.srf.ch/sendungen/arena/frauen-am-herd
89,20171006,* Lachen *,3,Burka – da sehen wir schwarz!,"Die Burka gibt zu reden. In Österreich ist sie schon illegal, nun will eine Initiative ein generelles Verhüllungsverbot auch in der Schweiz in die Verfassung schreiben. Gegner der Vorlage sprechen von einem Scheinproblem: Bei uns gebe es schlicht keine Burkas. Wer hat Recht?",https://www.srf.ch/sendungen/arena/burka-da-sehen-wir-schwarz
90,20161118,* Signalton *,3,Kapitalismus oder Klassenkampf?,"Trump gewinnt, Europa rutscht nach rechts. Aber was sind die Rezepte der Linken dagegen? Die SP Schweiz und ihr Präsident Christian Levrat reagieren mit Kapitalismus-Kritik: Mehr soziale Gerechtigkeit sei die Lösung, finden sie.",https://www.srf.ch/sendungen/arena/kapitalismus-oder-klassenkampf
91,20160610,* Applaus *,3,Frauen am Herd?,"Wieso bleiben so viele gut ausgebildete Frauen am Herd, sobald sie Kinder bekommen? Liegt es daran, dass Familie und Beruf kaum vereinbar sind? Oder liegt es vielleicht doch an den natürlichen Unterschieden zwischen Mann und Frau?",https://www.srf.ch/sendungen/arena/frauen-am-herd
92,20180928,* Signalton *,3,Doppelrücktritt – Bremse fürs EU-Dossier?,Bundesrat Johann Schneider-Ammann tritt zurück! Bundesrätin Doris Leuthard tritt zurück! Bundesbern ist in einer turbulenten Phase. Gibt es am Freitag trotzdem einen wegweisenden Entscheid zum Rahmenabkommen? Oder sind damit die Verhandlungen mit der EU langfristig blockiert?,https://www.srf.ch/sendungen/arena/doppelruecktritt-bremse-fuers-eu-dossier
93,20161118,* Lachen *,3,Kapitalismus oder Klassenkampf?,"Trump gewinnt, Europa rutscht nach rechts. Aber was sind die Rezepte der Linken dagegen? Die SP Schweiz und ihr Präsident Christian Levrat reagieren mit Kapitalismus-Kritik: Mehr soziale Gerechtigkeit sei die Lösung, finden sie.",https://www.srf.ch/sendungen/arena/kapitalismus-oder-klassenkampf
94,20160902,* Sie sprechen durcheinander. *,3,Abstimmungs-Arena: Initiative Grüne Wirtschaft,"Einen ökologischen Fussabdruck von einer Erde: Das fordert die Initiative «Grüne Wirtschaft». Und: Das Ziel soll bis 2050 erreicht sein. Zu schnell und zu viel, monieren die Gegner. Ausserdem leisteten die Wirtschaft und die Schweiz heute schon gute Arbeit in Sachen Umweltschutz.",https://www.srf.ch/sendungen/arena/abstimmungs-arena-initiative-gruene-wirtschaft
95,20160617,* Lachen *,3,Gut genug für den Schweizer Pass?,"Die Schweiz hat europaweit eines der strengsten Einbürgerungsregimes. Was erwarten wir von Ausländern, die eingebürgert werden wollen? Sind die Hürden zum Pass heute zu hoch? Oder bürgert die Schweiz Ausländer zu schnell und zu unkritisch ein?",https://www.srf.ch/sendungen/arena/gut-genug-fuer-den-schweizer-pass
96,20180119,* Lachen *,3,«Abstimmungsarena»: Finanzordnung 2021,"Darf der Bund weiterhin Steuern erheben? Ja, sagt das Parlament einstimmig. Von links bis rechts sind sich alle einig: Der Bund soll weiterhin die direkte Bundes- und die Mehrwertsteuer einziehen, um seine Aufgaben wahrzunehmen. Nur: Ist das gut so? Oder gehören diese Steuern abgeschafft?",https://www.srf.ch/sendungen/arena/abstimmungsarena-finanzordnung-2021
97,20171027,* Signalton *,2,Rente - nun erst mit 70?,"Bundesrat Berset lädt die Gewinner und die Verlierer der Abstimmung zur Altersvorsorge 2020 an den runden Tisch. Das Ziel: eine neue Reform, denn die ist dringend notwendig. Aber wie soll diese aussehen, damit sie vor dem Stimmvolk besteht? Und: Müssen wir bald viel länger arbeiten?",https://www.srf.ch/sendungen/arena/rente-nun-erst-mit-70
98,20171208,* Sie sprechen durcheinander. *,2,Was stoppt Terroristen?,Weihnachtsmärkte in der Schweiz setzen dieses Jahr auf Betonblöcke: Sie sollen Terroristen abhalten. Doch kann man so einen Anschlag wirklich verhindern? Laut Nachrichtendienst gibt es immer mehr gefährliche Risikopersonen in der Schweiz. Wie können wir uns schützen?,https://www.srf.ch/sendungen/arena/was-stoppt-terroristen
99,20171103,* Sie sprechen durcheinander. *,2,No Billag - Ja oder Nein?,"Ist die SRG, wie wir sie kennen, bald Geschichte – und viele private Radio- und Fernsehstationen auch? «No Billag» fordert die Abschaffung aller Radio- und TV-Gebühren. Es gäbe nur noch kommerzielle Sender in der Schweiz. Was spricht dafür? Was spricht dagegen?",https://www.srf.ch/sendungen/arena/no-billag-ja-oder-nein
100,20171006,* Applaus *,2,Burka – da sehen wir schwarz!,"Die Burka gibt zu reden. In Österreich ist sie schon illegal, nun will eine Initiative ein generelles Verhüllungsverbot auch in der Schweiz in die Verfassung schreiben. Gegner der Vorlage sprechen von einem Scheinproblem: Bei uns gebe es schlicht keine Burkas. Wer hat Recht?",https://www.srf.ch/sendungen/arena/burka-da-sehen-wir-schwarz
101,20171201,* Lachen *,2,Impf oder stirb?,"Die Grippezeit steht kurz bevor. Sollte man sich deshalb gegen die Grippe impfen lassen – oder ist die Grippeimpfung unnötig? Und was ist mit gefährlicheren Krankheiten wie Starrkrampf oder Kinderlähmung? Ärzte, Fachleute und Impfgegner stehen in der «Arena».",https://www.srf.ch/sendungen/arena/impf-oder-stirb
102,20171020,* Signalton *,2,Ungebremste Mobilität,"Stau auf den Strassen, verspätete Züge, vollgestopfte Trams. Es wird eng auf Strasse und Schiene. In der Schweiz nimmt die Mobilität seit Jahren zu. Wie lange noch kann unsere Verkehrsinfrastruktur dem standhalten? Und: Hat es in der Schweiz überhaupt Platz für mehr Strassen und längere Zugperrons?",https://www.srf.ch/sendungen/arena/ungebremste-mobilitaet
103,20180309,* Buzzer *,2,Blocher – auf zum letzten Gefecht!,"Nun geht es Schlag auf Schlag: Am Montag präsentierte der Bundesrat seine Pläne zur Europapolitik – und erhielt viel Applaus aus Wirtschaft und Politik. Am Dienstag verkündete Christoph Blocher, sich ganz auf den Kampf dagegen zu konzentrieren.",https://www.srf.ch/sendungen/arena/blocher-auf-zum-letzten-gefecht
104,20171208,* Applaus *,2,Was stoppt Terroristen?,Weihnachtsmärkte in der Schweiz setzen dieses Jahr auf Betonblöcke: Sie sollen Terroristen abhalten. Doch kann man so einen Anschlag wirklich verhindern? Laut Nachrichtendienst gibt es immer mehr gefährliche Risikopersonen in der Schweiz. Wie können wir uns schützen?,https://www.srf.ch/sendungen/arena/was-stoppt-terroristen
105,20171124,* Applaus *,2,Schweiz und EU – 25 Jahre nach dem EWR-Nein,Trotz der freundlichen Worte von EU-Kommissionspräsident Jean-Claude Juncker: Auch 25 Jahre nach dem EWR-Nein ist unser Verhältnis zur EU schwierig. Nun steigen die damaligen Kontrahenten Christoph Blocher und Franz Steinegger nochmals in den Ring.,https://www.srf.ch/sendungen/arena/schweiz-und-eu-25-jahre-nach-dem-ewr-nein
106,20171201,* Applaus *,2,Impf oder stirb?,"Die Grippezeit steht kurz bevor. Sollte man sich deshalb gegen die Grippe impfen lassen – oder ist die Grippeimpfung unnötig? Und was ist mit gefährlicheren Krankheiten wie Starrkrampf oder Kinderlähmung? Ärzte, Fachleute und Impfgegner stehen in der «Arena».",https://www.srf.ch/sendungen/arena/impf-oder-stirb
107,20171103,* Applaus *,2,No Billag - Ja oder Nein?,"Ist die SRG, wie wir sie kennen, bald Geschichte – und viele private Radio- und Fernsehstationen auch? «No Billag» fordert die Abschaffung aller Radio- und TV-Gebühren. Es gäbe nur noch kommerzielle Sender in der Schweiz. Was spricht dafür? Was spricht dagegen?",https://www.srf.ch/sendungen/arena/no-billag-ja-oder-nein
108,20180323,* Seufzer *,2,Sparen bei den Schwächsten?,Die Schraube anziehen bei den Armen – das wollen viele Kantone und der Nationalrat. Sozialhilfe und Ergänzungsleistungen sind unter Druck. Zu Recht? Sind wir zu grosszügig? Oder reicht die staatliche Unterstützung heute schon kaum zum Leben?,https://www.srf.ch/sendungen/arena/sparen-bei-den-schwaechsten
109,20180504,* Sie sprechen durcheinander. *,2,EU-Debatte – die Wirtschaft erwacht,"Der Bundesrat will es, fast alle Parteien wollen es und nun will es auch die Wirtschaft – ein Rahmenabkommen mit der EU. Gleichzeitig warnen die Gewerkschaften vor Billigarbeitern aus der EU und drohen mit Opposition. Wem nützt das Rahmenabkommen – und was kostet es?",https://www.srf.ch/sendungen/arena/eu-debatte-die-wirtschaft-erwacht
110,20171103,* Lachen *,2,No Billag - Ja oder Nein?,"Ist die SRG, wie wir sie kennen, bald Geschichte – und viele private Radio- und Fernsehstationen auch? «No Billag» fordert die Abschaffung aller Radio- und TV-Gebühren. Es gäbe nur noch kommerzielle Sender in der Schweiz. Was spricht dafür? Was spricht dagegen?",https://www.srf.ch/sendungen/arena/no-billag-ja-oder-nein
111,20170505,* Signalton *,2,Sind wir zu freizügig?,Europa wird immer EU-kritischer: In Frankreich könnte Marine Le Pen vom «Front National» Präsidentin werden – und auch in der Schweiz wird die Personenfreizügigkeit nun frontal angegriffen. Kippt die EU?,https://www.srf.ch/sendungen/arena/sind-wir-zu-freizuegig
112,20180511,* Applaus *,2,«Abstimmungs-Arena»: Vollgeld-Initiative,"Die Vollgeld-Initiative ist die komplizierteste Vorlage seit Ewigkeiten. Doch nun wird in der «Abstimmungsarena» erklärt, worum es geht – und Bundesrat Ueli Maurer tritt an gegen die Initianten. Wer soll unser Geld schöpfen? Und wer profitiert davon?",https://www.srf.ch/sendungen/arena/abstimmungs-arena-vollgeld-initiative
113,20170519,* Applaus *,2,Eine tierische «Arena»,"Am sechsten Tag schuf Gott Mensch und Landtiere. Seither haben die einen mehr Rechte als die anderen. Zumindest in der Schweiz rückt der Tierschutz aber mehr in den Fokus, wie verschiedene Initiativen zeigen. Brauchen wir mehr Rechte für Tiere?",https://www.srf.ch/sendungen/arena/eine-tierische-arena
114,20180126,* Sie sprechen durcheinander. *,2,Trump vs. WEF!,"Donald Trump und das WEF – da treffen Welten aufeinander. Wer wird das Treffen in Davos stärker prägen? Wirtschaftsbosse und Staatschefs, die auf Freihandel und Globalisierung setzen – oder Donald Trump und sein «America first»?",https://www.srf.ch/sendungen/arena/trump-vs-wef
115,20170519,* Sie sprechen durcheinander. *,2,Eine tierische «Arena»,"Am sechsten Tag schuf Gott Mensch und Landtiere. Seither haben die einen mehr Rechte als die anderen. Zumindest in der Schweiz rückt der Tierschutz aber mehr in den Fokus, wie verschiedene Initiativen zeigen. Brauchen wir mehr Rechte für Tiere?",https://www.srf.ch/sendungen/arena/eine-tierische-arena
116,20170929,* Lachen *,2,Am runden Tisch,"Ob Unternehmenssteuer oder Altersvorsorge: In der Schweiz scheitern wichtige Reformen. Wieso? Liegt das Problem bei Politikern, bei Parteien – oder bei Medien, welche Politik immer stärker boulevardisieren und personalisieren?",https://www.srf.ch/sendungen/arena/am-runden-tisch
117,20171006,* Sie sprechen durcheinander. *,2,Burka – da sehen wir schwarz!,"Die Burka gibt zu reden. In Österreich ist sie schon illegal, nun will eine Initiative ein generelles Verhüllungsverbot auch in der Schweiz in die Verfassung schreiben. Gegner der Vorlage sprechen von einem Scheinproblem: Bei uns gebe es schlicht keine Burkas. Wer hat Recht?",https://www.srf.ch/sendungen/arena/burka-da-sehen-wir-schwarz
118,20180914,* Applaus *,2,«Abstimmungs-Arena»: Fair-Food-Initiative,"Isst die Schweiz fair genug? Nein, finden die Initianten der Fair-Food-Initiative. Deshalb wollen sie mehr Lebensmittel, die umwelt- und tierfreundlich sowie unter fairen Arbeitsbedingungen hergestellt werden. Die Gegner der Vorlage warnen vor steigenden Preisen, Bürokratie und Handelskonflikten.",https://www.srf.ch/sendungen/arena/abstimmungs-arena-fair-food-initiative
119,20180525,* Sie sprechen durcheinander. *,2,«Abstimmungs-Arena»: Geldspielgesetz,Das neue Geldspielgesetz schien beschlossene Sache – bis Jungparteien von links bis rechts das Referendum dagegen ergriffen. Bundesrätin Simonetta Sommaruga kreuzt in der «Arena» die Klingen mit den Gegnern des Gesetzes. Wovor warnen diese? Und was spricht für das neue Geldspielgesetz?,https://www.srf.ch/sendungen/arena/abstimmungs-arena-geldspielgesetz
120,20160701,* Sie sprechen durcheinander. *,2,"Zu alt, um zu leben?","Immer mehr alte Menschen haben den Wunsch, sich mit Hilfe einer Sterbehilfeorganisation das Leben nehmen zu können – auch wenn sie nicht todkrank sind. Ist das richtig und gehört auch ein selbstbestimmter Tod zum Leben? Oder führt das zu Druck auf alte Menschen, frühzeitig aus dem Leben zu scheiden?",https://www.srf.ch/sendungen/arena/zu-alt-um-zu-leben
121,20181012,* Sie sprechen durcheinander. *,2,Fahren wir die Welt an die Wand?,"Der Meeresspiegel steigt, extreme Wetterereignisse häufen sich und Gletscher schmelzen dahin. Schuld daran sei unter anderem die globale Klimaerwärmung, sagt der Weltklimarat. Um diese einzudämmen, müsse man jetzt handeln – und den CO2-Ausstoss drastisch senken. Aber geht das überhaupt?",https://www.srf.ch/sendungen/arena/fahren-wir-die-welt-an-die-wand
122,20181012,* Signalton *,2,Fahren wir die Welt an die Wand?,"Der Meeresspiegel steigt, extreme Wetterereignisse häufen sich und Gletscher schmelzen dahin. Schuld daran sei unter anderem die globale Klimaerwärmung, sagt der Weltklimarat. Um diese einzudämmen, müsse man jetzt handeln – und den CO2-Ausstoss drastisch senken. Aber geht das überhaupt?",https://www.srf.ch/sendungen/arena/fahren-wir-die-welt-an-die-wand
123,20161014,* Lachen *,2,"Jobs weg, Freiheit weg – globalisieren wir die Schweiz kaputt?",Neue globale Handelsabkommen wie TTIP sollen die Wirtschaft auf Touren bringen. Aber würden sie das wirklich – oder schaden sie eher den Konsumenten? Und: Bedrohen die neuartigen Abkommen sogar unsere Demokratie?,https://www.srf.ch/sendungen/arena/jobs-weg-freiheit-weg-globalisieren-wir-die-schweiz-kaputt
124,20181019,* Applaus *,2,«Publikumsarena»: Selbstbestimmungsinitiative,Mit der Selbstbestimmungsinitiative will die SVP die Bundesverfassung in allen Fällen über das Völkerrecht stellen. Eine Selbstverständlichkeit? Oder das Ende des «Erfolgsmodells Schweiz»? Die «Publikumsarena» sucht Antworten.,https://www.srf.ch/sendungen/arena/publikumsarena-selbstbestimmungsinitiative
125,20160930,* Signalton *,2,Rentenreform 2020: Rettung oder Reinfall?,"Die Zukunft unserer Renten – darüber debattiert der Nationalrat heftig. Wird es künftig weniger Rente geben? Oder müssen allfällige Kürzungen anderswo kompensiert werden, damit Rentner auch weiterhin gleich viel im Portemonnaie haben wie bisher?",https://www.srf.ch/sendungen/arena/rentenreform-2020-rettung-oder-reinfall
126,20160924,* Lachen *,2,«Inländervorrang light» - ist das der Volkswille?,Der Nationalrat debattierte am Mittwoch über die Umsetzung der «Masseneinwanderungsinitiative». Das Resultat: Eine Meldepflicht für offene Stellen in Zeiten von hoher Zuwanderung – ein «Inländervorrang light». Ist die Initiative der SVP damit genügend umgesetzt oder nicht?,https://www.srf.ch/sendungen/arena/inlaendervorrang-light-ist-das-der-volkswille
127,20181109,* Applaus *,2,«Abstimmungs-Arena»: Selbstbestimmungs-Initiative,Die Abstimmung über die Selbstbestimmungs-Initiative (SBI) der SVP ist die wichtigste Abstimmung seit langem – darin sind Befürworter und Gegner einig. Doch ansonsten gehen die Meinungen weit auseinander. Rettet die SBI unsere Volksrechte? Oder gefährdet sie die Schweiz?,https://www.srf.ch/sendungen/arena/abstimmungs-arena-selbstbestimmungs-initiative
128,20160531,* Sie sprechen durcheinander. *,2,Service Public – die Publikumsdebatte,"Sämtliche Parlamentarier haben gegen die Service-Public-Initiative gestimmt. Trotzdem findet die Initiative beim Volk grosse Zustimmung. Was gehört zum Service public? Wie zufrieden oder unzufrieden sind die Bürger mit Post, SBB und Swisscom? Und würde die Initiative den Service public verbessern?",https://www.srf.ch/sendungen/arena/service-public-die-publikumsdebatte
129,20161028,* Sie sprechen durcheinander. *,2,Abstimmungs-Arena: «Atomausstiegs-Initiative»,"Nach 45 Jahren Laufzeit müssen Kernkraftwerke vom Netz: Das fordern Befürworter der «Atomausstiegs-Initiative». Die ersten drei AKW sollen bereits 2017 abgeschaltet werden. Für die Gegner sind die Massnahmen zu überstürzt. Es sei nicht möglich, innerhalb eines Jahres die Kernenergie zu ersetzen.",https://www.srf.ch/sendungen/arena/abstimmungs-arena-atomausstiegs-initiative
130,20190118,* Sie sprechen durcheinander. *,2,Die Jungen übernehmen!,"Sara (17), Luis (17) und Andrea (17) moderieren diese Woche die Arena: Während Jonas Projer für einmal in der hinteren Reihe Platz nimmt, führen sie durch die Sendung. Und diskutieren Themen, die sie bewegen: Migration, Klima und Renten.",https://www.srf.ch/sendungen/arena/die-jungen-uebernehmen
131,20160513,* Applaus *,2,Abstimmungs-Arena: Service-Public-Initiative,"Managerlöhne bei Post, SBB und Swisscom sollen gekürzt werden. Dies fordert die Service-Public-Initiative. Ausserdem dürften die bundesnahen Betriebe im Bereich der Grundversorgung keinen Gewinn mehr machen. Würde dies den Service public stärken – oder ruinieren?",https://www.srf.ch/sendungen/arena/abstimmungs-arena-service-public-initiative
132,20160429,* Sie sprechen durcheinander. *,2,Abstimmungs-Arena: Änderung Fortpflanzungsmedizin,"Darf man Embryonen, die im Reagenzglas entstehen, auf Krankheiten untersuchen? Im Grundsatz hat das Stimmvolk der PID im Juni 2015 zugestimmt. Das neue Fortpflanzungsmedizin-Gesetz geht nun aber vielen zu weit: Sie wollen, dass die PID nur Paaren mit schweren Erbkrankheiten offen steht.",https://www.srf.ch/sendungen/arena/abstimmungs-arena-aenderung-fortpflanzungsmedizin-2
133,20160422,* Lachen *,2,Abstimmungs-Arena: Asylgesetzrevision,In einem sind sich alle einig: Lange Asylverfahren sind aufwendig und teuer. Mit der Asylgesetzrevision sollen nun die Verfahren beschleunigt werden. Die SVP ergriff letzten Herbst dagegen das Referendum. Grund: die Asylgesetzrevision setze mit sogenannten «Gratisanwälten» falsche Anreize.,https://www.srf.ch/sendungen/arena/abstimmungs-arena-asylgesetzrevision
134,20160415,* Sie sprechen durcheinander. *,2,Der Notfallplan - müssen wir uns gegen die Flüchtlinge wehren?,"Die Balkanroute ist zu, die Flüchtlingsroute übers Mittelmeer nach Italien rückt wieder in den Fokus. Österreich schliesst die Grenze – und Frankreich könnte erneut dasselbe tun. Übrig bleibt als Ziel: die Schweiz. Was erwartet uns diesen Sommer?",https://www.srf.ch/sendungen/arena/der-notfallplan-muessen-wir-uns-gegen-die-fluechtlinge-wehren
135,20160408,* Signalton *,2,Schweiz ohne Gott?,Zwei muslimische Schüler wollen ihrer Lehrerin aus religiösen Gründen die Hand nicht geben. Ist das die Spitze des Eisberges eines Integrationsproblems oder nur ein Einzelfall? Und: Hat Religion überhaupt etwas an den Schulen verloren?,https://www.srf.ch/sendungen/arena/schweiz-ohne-gott
136,20160401,* Sie sprechen durcheinander. *,2,Angst vor dem Islam,Islamistisch motivierte Anschläge wie jüngst in Brüssel führen auch in der Schweiz zu Angst vor dem Islam. Wie gehen die Muslime damit um? Und: Was hat der Islam mit den IS-Selbstmordattentätern zu tun?,https://www.srf.ch/sendungen/arena/angst-vor-dem-islam
137,20181012,* Lachen *,2,Fahren wir die Welt an die Wand?,"Der Meeresspiegel steigt, extreme Wetterereignisse häufen sich und Gletscher schmelzen dahin. Schuld daran sei unter anderem die globale Klimaerwärmung, sagt der Weltklimarat. Um diese einzudämmen, müsse man jetzt handeln – und den CO2-Ausstoss drastisch senken. Aber geht das überhaupt?",https://www.srf.ch/sendungen/arena/fahren-wir-die-welt-an-die-wand
138,20181026,* Lachen *,2,«Abstimmungs-Arena»: Überwachung Sozialversicherte,"Sollen Sozialversicherungen Detektive einsetzen können, um Missbrauch aufzudecken? Unter welchen Bedingungen und mit welchen Mitteln sollen Versicherte überwacht werden? Befürworter sagen, das neue Gesetz sei notwendig und verhältnismässig. Kritiker befürchten hingegen eine grenzenlose Überwachung.",https://www.srf.ch/sendungen/arena/abstimmungs-arena-ueberwachung-sozialversicherte
139,20180928,* Sie sprechen durcheinander. *,2,Doppelrücktritt – Bremse fürs EU-Dossier?,Bundesrat Johann Schneider-Ammann tritt zurück! Bundesrätin Doris Leuthard tritt zurück! Bundesbern ist in einer turbulenten Phase. Gibt es am Freitag trotzdem einen wegweisenden Entscheid zum Rahmenabkommen? Oder sind damit die Verhandlungen mit der EU langfristig blockiert?,https://www.srf.ch/sendungen/arena/doppelruecktritt-bremse-fuers-eu-dossier
140,20161216,"* ""Stille Nacht"" auf Blockflöte *",2,Schöne Bescherung,"Rund ums Jahr streiten Politiker in der «Arena». Diesen Freitag aber wird nicht gegeneinander, sondern miteinander diskutiert – und zwar über Weihnachten. Ist das heute noch ein religiöses Fest? Oder heisst Weihnachten nur noch: Wir essen, wir trinken – und wir huldigen dem Gott des Konsums?",https://www.srf.ch/sendungen/arena/schoene-bescherung
141,20170421,* Applaus *,2,Ü50 - chancenlos?,"Den Job zu verlieren – der Albtraum jedes Arbeitnehmenden. Eine Altersgruppe trifft es besonders hart: Arbeitslose über 50 finden kaum mehr eine neue Stelle. Weshalb verzichten Firmen auf erfahrene Arbeitskräfte? Und: Was müssen Betroffene machen, um wieder attraktiver für die Unternehmen zu werden?",https://www.srf.ch/sendungen/arena/ue50-chancenlos
142,20170331,* Lachen *,2,"Klick, Like, Hass","Beleidigungen, Ehrverletzungen, Morddrohungen – im Internet gehört das zur Tagesordnung. Bürger und Politiker sind betroffen. Haben wir den Anstand verloren? Verroht nun auch die Politik? Und: Woher kommt diese neue Lust am Hass?",https://www.srf.ch/sendungen/arena/klick-like-hass
143,20170310,* Sie sprechen durcheinander. *,2,Sollte die nicht bei den Kindern sein?,"Wieso ist die nicht bei ihren Kindern? Das hören viele Frauen, die wie Christa Rigozzi bald nach der Geburt wieder arbeiten. Zum Frauentag fragt die «Arena»: Sind Frauen heute gleichberechtigt? Wieso gibt es so wenige Chefinnen? Und umgekehrt: Hat nicht auch die traditionelle Familie ihre Vorteile?",https://www.srf.ch/sendungen/arena/sollte-die-nicht-bei-den-kindern-sein
144,20170310,* Applaus *,2,Sollte die nicht bei den Kindern sein?,"Wieso ist die nicht bei ihren Kindern? Das hören viele Frauen, die wie Christa Rigozzi bald nach der Geburt wieder arbeiten. Zum Frauentag fragt die «Arena»: Sind Frauen heute gleichberechtigt? Wieso gibt es so wenige Chefinnen? Und umgekehrt: Hat nicht auch die traditionelle Familie ihre Vorteile?",https://www.srf.ch/sendungen/arena/sollte-die-nicht-bei-den-kindern-sein
145,20170303,* Lachen *,2,Rentenreform auf der Kippe?,"Es braucht eine Rentenreform – darin sind sich fast alle Politiker einig. Der Grund: Wir leben immer länger, die aktive Generation zahlt für immer mehr Ältere. Nur: Wie soll die Reform aussehen? Und: Wie kann das Stimmvolk davon überzeugt werden, dass es mehr für seine Vorsorge zahlen soll?",https://www.srf.ch/sendungen/arena/rentenreform-auf-der-kippe
146,20180907,* Applaus *,2,Schweizer Waffen in Bürgerkriegsländer?,"Der Bundesrat will die Exportbestimmungen für Kriegsmaterial lockern. Befürworter sagen, dies sei nötig für den Erhalt unserer Arbeitsplätze und der Wehrfähigkeit der Schweiz. Gegner warnen vor Missbrauchsgefahr und einem Verrat an Schweizer Werten.",https://www.srf.ch/sendungen/arena/schweizer-waffen-in-buergerkriegslaender
147,20180105,* Sie sprechen durcheinander. *,2,No Billag - jetzt redet das Volk!,Braucht es Radio- und TV-Gebühren? Das ist die dominierende politische Frage im neuen Jahr. Nun greifen die Billag-Zahler in die Debatte ein – in der grossen «Publikumsarena» zu No Billag.,https://www.srf.ch/sendungen/arena/no-billag-jetzt-redet-das-volk
148,20180921,* Lachen *,2,Präsidenten-«Arena»: Politik am Volk vorbei?,"Während beim Rahmenabkommen ein Abschluss in weiter Ferne liegt, hat das Parlament bei Steuerreform, AHV und Waffenrecht Lösungen gefunden. Doch haben diese vor dem Volk Bestand? Oder politisiert Bundesbern am Volk vorbei? Diese Fragen diskutieren die Parteipräsidenten in der «Arena».",https://www.srf.ch/sendungen/arena/praesidenten-arena-politik-am-volk-vorbei
149,20161111,* Applaus *,2,Wieso Trump?,"Wie war diese Wahl möglich? Diese Frage stellen sich viele nach der Kür von Donald Trump zum US-Präsidenten. Ist Trump ein Populist, der dank Hass und Angst gewählt wurde? Oder versteht er einfach das Volk – im Gegensatz zum politischen Establishment, zur «Classe Politique»?",https://www.srf.ch/sendungen/arena/wieso-trump
150,20180914,* Muhen *,1,«Abstimmungs-Arena»: Fair-Food-Initiative,"Isst die Schweiz fair genug? Nein, finden die Initianten der Fair-Food-Initiative. Deshalb wollen sie mehr Lebensmittel, die umwelt- und tierfreundlich sowie unter fairen Arbeitsbedingungen hergestellt werden. Die Gegner der Vorlage warnen vor steigenden Preisen, Bürokratie und Handelskonflikten.",https://www.srf.ch/sendungen/arena/abstimmungs-arena-fair-food-initiative
151,20180914,* Sie sprechen durcheinander. *,1,«Abstimmungs-Arena»: Fair-Food-Initiative,"Isst die Schweiz fair genug? Nein, finden die Initianten der Fair-Food-Initiative. Deshalb wollen sie mehr Lebensmittel, die umwelt- und tierfreundlich sowie unter fairen Arbeitsbedingungen hergestellt werden. Die Gegner der Vorlage warnen vor steigenden Preisen, Bürokratie und Handelskonflikten.",https://www.srf.ch/sendungen/arena/abstimmungs-arena-fair-food-initiative
152,20190215,* Elektronische Musik *,1,Alle Macht den Alten?,"Jahr für Jahr werden wir älter – und zwar nicht nur jede und jeder Einzelne von uns, sondern auch die Schweiz insgesamt. Wo profitieren wir von den älteren Generationen, und wo entwickeln sich Spannungen? Werden die Jungen künftig überstimmt? Werden sie bei der Rente sogar betrogen?",https://www.srf.ch/sendungen/arena/alle-macht-den-alten
153,20180914,* Spannungsgeladene Musik *,1,«Abstimmungs-Arena»: Fair-Food-Initiative,"Isst die Schweiz fair genug? Nein, finden die Initianten der Fair-Food-Initiative. Deshalb wollen sie mehr Lebensmittel, die umwelt- und tierfreundlich sowie unter fairen Arbeitsbedingungen hergestellt werden. Die Gegner der Vorlage warnen vor steigenden Preisen, Bürokratie und Handelskonflikten.",https://www.srf.ch/sendungen/arena/abstimmungs-arena-fair-food-initiative
154,20190208,* Lachen *,1,Heidis Heimatland?,"Es ist Wahljahr – und die Frage stellt sich akuter denn je. Wer sind wir? Ist die Schweiz die Nation der Alphörner und Cervelats, eine Nation mit christlicher Leitkultur? Oder sind wir ein Kleinstaat, dessen Erfolg seit jeher von Offenheit und Austausch geprägt war?",https://www.srf.ch/sendungen/arena/heidis-heimatland
155,20180119,* Applaus *,1,«Abstimmungsarena»: Finanzordnung 2021,"Darf der Bund weiterhin Steuern erheben? Ja, sagt das Parlament einstimmig. Von links bis rechts sind sich alle einig: Der Bund soll weiterhin die direkte Bundes- und die Mehrwertsteuer einziehen, um seine Aufgaben wahrzunehmen. Nur: Ist das gut so? Oder gehören diese Steuern abgeschafft?",https://www.srf.ch/sendungen/arena/abstimmungsarena-finanzordnung-2021
156,20180629,* Applaus *,1,Anpacken statt Kofferpacken!,"Erst die Arbeit, dann das Vergnügen! Das gilt auch für Sie, liebe Politiker. Denn noch sind keine Ferien – wichtige Probleme sind ungelöst. Die Zeit drängt, ob bei den Bilateralen oder der AHV. Und auch die Flüchtlingskrise wird wieder zum Thema.",https://www.srf.ch/sendungen/arena/anpacken-statt-kofferpacken
157,20180323,* Applaus *,1,Sparen bei den Schwächsten?,Die Schraube anziehen bei den Armen – das wollen viele Kantone und der Nationalrat. Sozialhilfe und Ergänzungsleistungen sind unter Druck. Zu Recht? Sind wir zu grosszügig? Oder reicht die staatliche Unterstützung heute schon kaum zum Leben?,https://www.srf.ch/sendungen/arena/sparen-bei-den-schwaechsten
158,20181012,* Zögerlicher Applaus *,1,Fahren wir die Welt an die Wand?,"Der Meeresspiegel steigt, extreme Wetterereignisse häufen sich und Gletscher schmelzen dahin. Schuld daran sei unter anderem die globale Klimaerwärmung, sagt der Weltklimarat. Um diese einzudämmen, müsse man jetzt handeln – und den CO2-Ausstoss drastisch senken. Aber geht das überhaupt?",https://www.srf.ch/sendungen/arena/fahren-wir-die-welt-an-die-wand
159,20190208,* Jodelgesang *,1,Heidis Heimatland?,"Es ist Wahljahr – und die Frage stellt sich akuter denn je. Wer sind wir? Ist die Schweiz die Nation der Alphörner und Cervelats, eine Nation mit christlicher Leitkultur? Oder sind wir ein Kleinstaat, dessen Erfolg seit jeher von Offenheit und Austausch geprägt war?",https://www.srf.ch/sendungen/arena/heidis-heimatland
160,20190208,* Jauchzer und Alphornklänge *,1,Heidis Heimatland?,"Es ist Wahljahr – und die Frage stellt sich akuter denn je. Wer sind wir? Ist die Schweiz die Nation der Alphörner und Cervelats, eine Nation mit christlicher Leitkultur? Oder sind wir ein Kleinstaat, dessen Erfolg seit jeher von Offenheit und Austausch geprägt war?",https://www.srf.ch/sendungen/arena/heidis-heimatland
161,20190111,* Video *,1,Kaltherzige Schweiz?,"Die Schweiz ist eines der reichsten Länder der Welt. Aber auch hier sind Menschen von Armut betroffen. Im Winter heisst das: Wer kein Geld hat für einen warmen Mantel, der friert. Ermöglicht Sozialhilfe heute allen in der Schweiz ein würdiges Leben – oder ist sie zu knapp bemessen?",https://www.srf.ch/sendungen/arena/kaltherzige-schweiz
162,20180302,* Lachen *,1,Bauern auf die Schlachtbank?,Für unsere Bauern könnte es existenzbedrohend sein: Ein Freihandelsabkommen mit den südamerikanischen Mercosur-Staaten. Das behauptet Bauern-Präsident Markus Ritter. Seine Gegner aus der Industrie halten dagegen: Ein Abkommen sei wichtig – und Ritter habe jedes Augenmass verloren. Wer hat Recht?,https://www.srf.ch/sendungen/arena/bauern-auf-die-schlachtbank
163,20181123,* Applaus *,1,Gekaufte Abstimmungen?,"Befürworter wie auch Gegner der Selbstbestimmungs-Initiative geben Millionen von Franken aus, um das Volk zu überzeugen. Kann man Abstimmungen kaufen? Braucht es mehr Transparenz? Welche Rolle spielt Geld überhaupt in der Politik?",https://www.srf.ch/sendungen/arena/gekaufte-abstimmungen
164,20180907,* Lachen *,1,Schweizer Waffen in Bürgerkriegsländer?,"Der Bundesrat will die Exportbestimmungen für Kriegsmaterial lockern. Befürworter sagen, dies sei nötig für den Erhalt unserer Arbeitsplätze und der Wehrfähigkeit der Schweiz. Gegner warnen vor Missbrauchsgefahr und einem Verrat an Schweizer Werten.",https://www.srf.ch/sendungen/arena/schweizer-waffen-in-buergerkriegslaender
165,20181116,* Europäische Hymne *,1,Unser Europarat,Ob beim Referendum gegen Versicherungsdetektive oder bei der aktuellen SVP-Initiative: Alle reden vom Europäischen Gerichtshof für Menschenrechte und vom Europarat. Doch was machen diese zwei überhaupt? Die «Arena» lädt zu einer Diskussion am runden Tisch.,https://www.srf.ch/sendungen/arena/unser-europarat
166,20180928,* Elektronische Klänge *,1,Doppelrücktritt – Bremse fürs EU-Dossier?,Bundesrat Johann Schneider-Ammann tritt zurück! Bundesrätin Doris Leuthard tritt zurück! Bundesbern ist in einer turbulenten Phase. Gibt es am Freitag trotzdem einen wegweisenden Entscheid zum Rahmenabkommen? Oder sind damit die Verhandlungen mit der EU langfristig blockiert?,https://www.srf.ch/sendungen/arena/doppelruecktritt-bremse-fuers-eu-dossier
167,20180525,* Spannungsgeladene Musik *,1,«Abstimmungs-Arena»: Geldspielgesetz,Das neue Geldspielgesetz schien beschlossene Sache – bis Jungparteien von links bis rechts das Referendum dagegen ergriffen. Bundesrätin Simonetta Sommaruga kreuzt in der «Arena» die Klingen mit den Gegnern des Gesetzes. Wovor warnen diese? Und was spricht für das neue Geldspielgesetz?,https://www.srf.ch/sendungen/arena/abstimmungs-arena-geldspielgesetz
168,20181109,* Lachen *,1,«Abstimmungs-Arena»: Selbstbestimmungs-Initiative,Die Abstimmung über die Selbstbestimmungs-Initiative (SBI) der SVP ist die wichtigste Abstimmung seit langem – darin sind Befürworter und Gegner einig. Doch ansonsten gehen die Meinungen weit auseinander. Rettet die SBI unsere Volksrechte? Oder gefährdet sie die Schweiz?,https://www.srf.ch/sendungen/arena/abstimmungs-arena-selbstbestimmungs-initiative
169,20180914,* Lachen *,1,«Abstimmungs-Arena»: Fair-Food-Initiative,"Isst die Schweiz fair genug? Nein, finden die Initianten der Fair-Food-Initiative. Deshalb wollen sie mehr Lebensmittel, die umwelt- und tierfreundlich sowie unter fairen Arbeitsbedingungen hergestellt werden. Die Gegner der Vorlage warnen vor steigenden Preisen, Bürokratie und Handelskonflikten.",https://www.srf.ch/sendungen/arena/abstimmungs-arena-fair-food-initiative
170,20181102,* Spannungsgeladene Musik *,1,«Abstimmungs-Arena»: Hornkuh-Initiative,"Mehr Kühe mit Hörnern – das will die Hornkuh-Initiative. Heute werden die meisten Kühe enthornt, was den Tieren grosse Schmerzen bereite, so die Initianten. Sie fordern Geld für Halter von behornten Kühen und Ziegen. Die Gegner warnen indes vor einem erhöhten Verletzungsrisiko für Mensch und Tier.",https://www.srf.ch/sendungen/arena/abstimmungs-arena-hornkuh-initiative
171,20181102,* Sie sprechen durcheinander. *,1,«Abstimmungs-Arena»: Hornkuh-Initiative,"Mehr Kühe mit Hörnern – das will die Hornkuh-Initiative. Heute werden die meisten Kühe enthornt, was den Tieren grosse Schmerzen bereite, so die Initianten. Sie fordern Geld für Halter von behornten Kühen und Ziegen. Die Gegner warnen indes vor einem erhöhten Verletzungsrisiko für Mensch und Tier.",https://www.srf.ch/sendungen/arena/abstimmungs-arena-hornkuh-initiative
172,20180126,* Lachen *,1,Trump vs. WEF!,"Donald Trump und das WEF – da treffen Welten aufeinander. Wer wird das Treffen in Davos stärker prägen? Wirtschaftsbosse und Staatschefs, die auf Freihandel und Globalisierung setzen – oder Donald Trump und sein «America first»?",https://www.srf.ch/sendungen/arena/trump-vs-wef
173,20181026,* Spannungsgeladene Klänge *,1,«Abstimmungs-Arena»: Überwachung Sozialversicherte,"Sollen Sozialversicherungen Detektive einsetzen können, um Missbrauch aufzudecken? Unter welchen Bedingungen und mit welchen Mitteln sollen Versicherte überwacht werden? Befürworter sagen, das neue Gesetz sei notwendig und verhältnismässig. Kritiker befürchten hingegen eine grenzenlose Überwachung.",https://www.srf.ch/sendungen/arena/abstimmungs-arena-ueberwachung-sozialversicherte
174,20181109,* Spannungsgeladene Musik *,1,«Abstimmungs-Arena»: Selbstbestimmungs-Initiative,Die Abstimmung über die Selbstbestimmungs-Initiative (SBI) der SVP ist die wichtigste Abstimmung seit langem – darin sind Befürworter und Gegner einig. Doch ansonsten gehen die Meinungen weit auseinander. Rettet die SBI unsere Volksrechte? Oder gefährdet sie die Schweiz?,https://www.srf.ch/sendungen/arena/abstimmungs-arena-selbstbestimmungs-initiative
175,20160401,* Bedrohlicher Geigenton *,1,Angst vor dem Islam,Islamistisch motivierte Anschläge wie jüngst in Brüssel führen auch in der Schweiz zu Angst vor dem Islam. Wie gehen die Muslime damit um? Und: Was hat der Islam mit den IS-Selbstmordattentätern zu tun?,https://www.srf.ch/sendungen/arena/angst-vor-dem-islam
176,20180105,* Applaus *,1,No Billag - jetzt redet das Volk!,Braucht es Radio- und TV-Gebühren? Das ist die dominierende politische Frage im neuen Jahr. Nun greifen die Billag-Zahler in die Debatte ein – in der grossen «Publikumsarena» zu No Billag.,https://www.srf.ch/sendungen/arena/no-billag-jetzt-redet-das-volk
177,20160617,* Verhaltener Applaus *,1,Gut genug für den Schweizer Pass?,"Die Schweiz hat europaweit eines der strengsten Einbürgerungsregimes. Was erwarten wir von Ausländern, die eingebürgert werden wollen? Sind die Hürden zum Pass heute zu hoch? Oder bürgert die Schweiz Ausländer zu schnell und zu unkritisch ein?",https://www.srf.ch/sendungen/arena/gut-genug-fuer-den-schweizer-pass
178,20160902,* Spannungsgeladene Musik *,1,Abstimmungs-Arena: Initiative Grüne Wirtschaft,"Einen ökologischen Fussabdruck von einer Erde: Das fordert die Initiative «Grüne Wirtschaft». Und: Das Ziel soll bis 2050 erreicht sein. Zu schnell und zu viel, monieren die Gegner. Ausserdem leisteten die Wirtschaft und die Schweiz heute schon gute Arbeit in Sachen Umweltschutz.",https://www.srf.ch/sendungen/arena/abstimmungs-arena-initiative-gruene-wirtschaft
179,20160909,* Sie sprechen durcheinander. *,1,Abstimmungs-Arena: Referendum Nachrichtendienstgesetz,"Telefongespräche abhören, Wanzen in Privaträumen installieren, Computer hacken mittels Trojanern: Soll der Nachrichtendienst des Bundes mehr Kompetenzen für die elektronische Überwachung bekommen? Gegen das neue Nachrichtendienst-Gesetz wurde das Referendum ergriffen.",https://www.srf.ch/sendungen/arena/abstimmungs-arena-referendum-nachrichtendienstgesetz
180,20160909,* Spannungsgeladene Musik *,1,Abstimmungs-Arena: Referendum Nachrichtendienstgesetz,"Telefongespräche abhören, Wanzen in Privaträumen installieren, Computer hacken mittels Trojanern: Soll der Nachrichtendienst des Bundes mehr Kompetenzen für die elektronische Überwachung bekommen? Gegen das neue Nachrichtendienst-Gesetz wurde das Referendum ergriffen.",https://www.srf.ch/sendungen/arena/abstimmungs-arena-referendum-nachrichtendienstgesetz
181,20160916,* Applaus *,1,Abstimmungs-Arena: Initiative AHV Plus,"Zehn Prozent mehr AHV-Rente, das fordert die Initiative AHV Plus. Ab 2018 soll jede Rentnerin und jeder Rentner das Recht auf diesen Zuschlag haben. Die Gegner warnen vor den finanziellen Folgen, da die Lage der AHV eh schon angespannt sei.",https://www.srf.ch/sendungen/arena/abstimmungs-arena-initiative-ahv-plus
182,20160916,* Lachen *,1,Abstimmungs-Arena: Initiative AHV Plus,"Zehn Prozent mehr AHV-Rente, das fordert die Initiative AHV Plus. Ab 2018 soll jede Rentnerin und jeder Rentner das Recht auf diesen Zuschlag haben. Die Gegner warnen vor den finanziellen Folgen, da die Lage der AHV eh schon angespannt sei.",https://www.srf.ch/sendungen/arena/abstimmungs-arena-initiative-ahv-plus
183,20160916,* Spannungsgeladene Musik *,1,Abstimmungs-Arena: Initiative AHV Plus,"Zehn Prozent mehr AHV-Rente, das fordert die Initiative AHV Plus. Ab 2018 soll jede Rentnerin und jeder Rentner das Recht auf diesen Zuschlag haben. Die Gegner warnen vor den finanziellen Folgen, da die Lage der AHV eh schon angespannt sei.",https://www.srf.ch/sendungen/arena/abstimmungs-arena-initiative-ahv-plus
184,20160930,* Applaus *,1,Rentenreform 2020: Rettung oder Reinfall?,"Die Zukunft unserer Renten – darüber debattiert der Nationalrat heftig. Wird es künftig weniger Rente geben? Oder müssen allfällige Kürzungen anderswo kompensiert werden, damit Rentner auch weiterhin gleich viel im Portemonnaie haben wie bisher?",https://www.srf.ch/sendungen/arena/rentenreform-2020-rettung-oder-reinfall
185,20161007,* Spannungsgeladene Musik *,1,Krankes Gesundheitssystem?,"Wenn im Herbst Post der Krankenkasse ins Haus flattert, steigen meistens die Prämien: Dieses Mal um durchschnittlich 4.5 %. Das schmerzt im Portemonnaie. Warum zahlen wir jedes Jahr mehr für unsere Gesundheitsversorgung? Und wer ist Schuld daran?",https://www.srf.ch/sendungen/arena/krankes-gesundheitssystem
186,20161007,* Tilman Slembeck,1,Krankes Gesundheitssystem?,"Wenn im Herbst Post der Krankenkasse ins Haus flattert, steigen meistens die Prämien: Dieses Mal um durchschnittlich 4.5 %. Das schmerzt im Portemonnaie. Warum zahlen wir jedes Jahr mehr für unsere Gesundheitsversorgung? Und wer ist Schuld daran?",https://www.srf.ch/sendungen/arena/krankes-gesundheitssystem
187,20161007,sagt etwas Unverständliches. *,1,Krankes Gesundheitssystem?,"Wenn im Herbst Post der Krankenkasse ins Haus flattert, steigen meistens die Prämien: Dieses Mal um durchschnittlich 4.5 %. Das schmerzt im Portemonnaie. Warum zahlen wir jedes Jahr mehr für unsere Gesundheitsversorgung? Und wer ist Schuld daran?",https://www.srf.ch/sendungen/arena/krankes-gesundheitssystem
188,20161021,* Applaus *,1,Das heilige Land,Unter ihrem neuen Präsidenten Gerhard Pfister rückt die CVP scharf nach rechts – und will in der Schweiz christliche Werte verteidigen. Braucht unser Land diese Rückbesinnung auf das Christentum? Oder ist die Schweiz ebenso sehr ein jüdisches und ein muslimisches Land?,https://www.srf.ch/sendungen/arena/das-heilige-land
189,20161021,* Orgelmusik *,1,Das heilige Land,Unter ihrem neuen Präsidenten Gerhard Pfister rückt die CVP scharf nach rechts – und will in der Schweiz christliche Werte verteidigen. Braucht unser Land diese Rückbesinnung auf das Christentum? Oder ist die Schweiz ebenso sehr ein jüdisches und ein muslimisches Land?,https://www.srf.ch/sendungen/arena/das-heilige-land
190,20161028,* Lachen *,1,Abstimmungs-Arena: «Atomausstiegs-Initiative»,"Nach 45 Jahren Laufzeit müssen Kernkraftwerke vom Netz: Das fordern Befürworter der «Atomausstiegs-Initiative». Die ersten drei AKW sollen bereits 2017 abgeschaltet werden. Für die Gegner sind die Massnahmen zu überstürzt. Es sei nicht möglich, innerhalb eines Jahres die Kernenergie zu ersetzen.",https://www.srf.ch/sendungen/arena/abstimmungs-arena-atomausstiegs-initiative
191,20161028,* Sirene *,1,Abstimmungs-Arena: «Atomausstiegs-Initiative»,"Nach 45 Jahren Laufzeit müssen Kernkraftwerke vom Netz: Das fordern Befürworter der «Atomausstiegs-Initiative». Die ersten drei AKW sollen bereits 2017 abgeschaltet werden. Für die Gegner sind die Massnahmen zu überstürzt. Es sei nicht möglich, innerhalb eines Jahres die Kernenergie zu ersetzen.",https://www.srf.ch/sendungen/arena/abstimmungs-arena-atomausstiegs-initiative
192,20161028,* Vereinzelter Applaus *,1,Abstimmungs-Arena: «Atomausstiegs-Initiative»,"Nach 45 Jahren Laufzeit müssen Kernkraftwerke vom Netz: Das fordern Befürworter der «Atomausstiegs-Initiative». Die ersten drei AKW sollen bereits 2017 abgeschaltet werden. Für die Gegner sind die Massnahmen zu überstürzt. Es sei nicht möglich, innerhalb eines Jahres die Kernenergie zu ersetzen.",https://www.srf.ch/sendungen/arena/abstimmungs-arena-atomausstiegs-initiative
193,20160826,* Spannungsgeladene Musik *,1,Arena: An der Südgrenze,"Sie sitzen seit Wochen in Como fest. Sie sind gestrandet an der Schweizer Grenze. Und hoffen noch immer auf die Reise in den Norden. Wie geht die Schweiz mit den Flüchtlingen um? Stimmen die Vorwürfe, dass die Südgrenze kaum mehr passierbar ist? Und was sind die Anliegen des Tessins?",https://www.srf.ch/sendungen/arena/arena-an-der-suedgrenze
194,20160617,* Vereinzelter Applaus *,1,Gut genug für den Schweizer Pass?,"Die Schweiz hat europaweit eines der strengsten Einbürgerungsregimes. Was erwarten wir von Ausländern, die eingebürgert werden wollen? Sind die Hürden zum Pass heute zu hoch? Oder bürgert die Schweiz Ausländer zu schnell und zu unkritisch ein?",https://www.srf.ch/sendungen/arena/gut-genug-fuer-den-schweizer-pass
195,20171215,* Applaus *,1,Schnüffeln im Sozialstaat?,"Die Überwachung von IV-Bezügern soll erlaubt werden. Sind Detektive mit Kamera und GPS-Tracker ein wichtiges Mittel, um Missbrauch aufzudecken – oder werden hier ehrliche Bürger schikaniert und ausspioniert? Sind unsere Sozialwerke ein wichtiges Sicherheitsnetz oder eine allzu gemütliche Hängematte?",https://www.srf.ch/sendungen/arena/schnueffeln-im-sozialstaat
196,20160617,* Schweizer Nationalhymne *,1,Gut genug für den Schweizer Pass?,"Die Schweiz hat europaweit eines der strengsten Einbürgerungsregimes. Was erwarten wir von Ausländern, die eingebürgert werden wollen? Sind die Hürden zum Pass heute zu hoch? Oder bürgert die Schweiz Ausländer zu schnell und zu unkritisch ein?",https://www.srf.ch/sendungen/arena/gut-genug-fuer-den-schweizer-pass
197,20160401,* Fröhliche türkische Musik *,1,Angst vor dem Islam,Islamistisch motivierte Anschläge wie jüngst in Brüssel führen auch in der Schweiz zu Angst vor dem Islam. Wie gehen die Muslime damit um? Und: Was hat der Islam mit den IS-Selbstmordattentätern zu tun?,https://www.srf.ch/sendungen/arena/angst-vor-dem-islam
198,20160401,* Klingeln *,1,Angst vor dem Islam,Islamistisch motivierte Anschläge wie jüngst in Brüssel führen auch in der Schweiz zu Angst vor dem Islam. Wie gehen die Muslime damit um? Und: Was hat der Islam mit den IS-Selbstmordattentätern zu tun?,https://www.srf.ch/sendungen/arena/angst-vor-dem-islam
199,20160401,* Lachen *,1,Angst vor dem Islam,Islamistisch motivierte Anschläge wie jüngst in Brüssel führen auch in der Schweiz zu Angst vor dem Islam. Wie gehen die Muslime damit um? Und: Was hat der Islam mit den IS-Selbstmordattentätern zu tun?,https://www.srf.ch/sendungen/arena/angst-vor-dem-islam
200,20160401,* Muezzinruf *,1,Angst vor dem Islam,Islamistisch motivierte Anschläge wie jüngst in Brüssel führen auch in der Schweiz zu Angst vor dem Islam. Wie gehen die Muslime damit um? Und: Was hat der Islam mit den IS-Selbstmordattentätern zu tun?,https://www.srf.ch/sendungen/arena/angst-vor-dem-islam
201,20160415,* Lachen *,1,Der Notfallplan - müssen wir uns gegen die Flüchtlinge wehren?,"Die Balkanroute ist zu, die Flüchtlingsroute übers Mittelmeer nach Italien rückt wieder in den Fokus. Österreich schliesst die Grenze – und Frankreich könnte erneut dasselbe tun. Übrig bleibt als Ziel: die Schweiz. Was erwartet uns diesen Sommer?",https://www.srf.ch/sendungen/arena/der-notfallplan-muessen-wir-uns-gegen-die-fluechtlinge-wehren
202,20160429,* Spannungsgeladene Musik *,1,Abstimmungs-Arena: Änderung Fortpflanzungsmedizin,"Darf man Embryonen, die im Reagenzglas entstehen, auf Krankheiten untersuchen? Im Grundsatz hat das Stimmvolk der PID im Juni 2015 zugestimmt. Das neue Fortpflanzungsmedizin-Gesetz geht nun aber vielen zu weit: Sie wollen, dass die PID nur Paaren mit schweren Erbkrankheiten offen steht.",https://www.srf.ch/sendungen/arena/abstimmungs-arena-aenderung-fortpflanzungsmedizin-2
203,20160506,* Applaus *,1,Abstimmungs-Arena: Milchkuh-Initiative,"Mehr Geld für die Strasse – das will die sogenannte «Milchkuh-Initiative». Das führe zu weniger Stau und flüssigerem Verkehr, sagen die Befürworter. Das stimmt nicht, sagen die Gegner: Mehr Strassen führe lediglich zu noch mehr Verkehr – und ausserdem drohe bei einem Ja ein Loch in der Bundeskasse.",https://www.srf.ch/sendungen/arena/abstimmungs-arena-milchkuh-initiative
204,20160506,* Filippo Lombardi ruft,1,Abstimmungs-Arena: Milchkuh-Initiative,"Mehr Geld für die Strasse – das will die sogenannte «Milchkuh-Initiative». Das führe zu weniger Stau und flüssigerem Verkehr, sagen die Befürworter. Das stimmt nicht, sagen die Gegner: Mehr Strassen führe lediglich zu noch mehr Verkehr – und ausserdem drohe bei einem Ja ein Loch in der Bundeskasse.",https://www.srf.ch/sendungen/arena/abstimmungs-arena-milchkuh-initiative
205,20160506,etwas Unverständliches. *,1,Abstimmungs-Arena: Milchkuh-Initiative,"Mehr Geld für die Strasse – das will die sogenannte «Milchkuh-Initiative». Das führe zu weniger Stau und flüssigerem Verkehr, sagen die Befürworter. Das stimmt nicht, sagen die Gegner: Mehr Strassen führe lediglich zu noch mehr Verkehr – und ausserdem drohe bei einem Ja ein Loch in der Bundeskasse.",https://www.srf.ch/sendungen/arena/abstimmungs-arena-milchkuh-initiative
206,20160513,* Ausruf von Mitleid *,1,Abstimmungs-Arena: Service-Public-Initiative,"Managerlöhne bei Post, SBB und Swisscom sollen gekürzt werden. Dies fordert die Service-Public-Initiative. Ausserdem dürften die bundesnahen Betriebe im Bereich der Grundversorgung keinen Gewinn mehr machen. Würde dies den Service public stärken – oder ruinieren?",https://www.srf.ch/sendungen/arena/abstimmungs-arena-service-public-initiative
207,20160513,* Sie sprechen durcheinander. *,1,Abstimmungs-Arena: Service-Public-Initiative,"Managerlöhne bei Post, SBB und Swisscom sollen gekürzt werden. Dies fordert die Service-Public-Initiative. Ausserdem dürften die bundesnahen Betriebe im Bereich der Grundversorgung keinen Gewinn mehr machen. Würde dies den Service public stärken – oder ruinieren?",https://www.srf.ch/sendungen/arena/abstimmungs-arena-service-public-initiative
208,20160513,* Spannungsgeladene Musik *,1,Abstimmungs-Arena: Service-Public-Initiative,"Managerlöhne bei Post, SBB und Swisscom sollen gekürzt werden. Dies fordert die Service-Public-Initiative. Ausserdem dürften die bundesnahen Betriebe im Bereich der Grundversorgung keinen Gewinn mehr machen. Würde dies den Service public stärken – oder ruinieren?",https://www.srf.ch/sendungen/arena/abstimmungs-arena-service-public-initiative
209,20160520,* Spannungsgeladene Musik *,1,Abstimmungs-Arena: Initiative Grundeinkommen,"Lohn ohne Arbeit, Geld ohne Gegenleistung - ein «bedingungsloses Grundeinkommen» gebe dem Einzelnen mehr Sicherheit und die Schweiz könne sich das leisten, finden die Befürworter. Das stimme nicht, sagen die Gegner: Ein Grundeinkommen für alle sei nicht finanzierbar und schade der Wirtschaft massiv.",https://www.srf.ch/sendungen/arena/abstimmungs-arena-initiative-grundeinkommen-2
210,20160531,* Lachen *,1,Service Public – die Publikumsdebatte,"Sämtliche Parlamentarier haben gegen die Service-Public-Initiative gestimmt. Trotzdem findet die Initiative beim Volk grosse Zustimmung. Was gehört zum Service public? Wie zufrieden oder unzufrieden sind die Bürger mit Post, SBB und Swisscom? Und würde die Initiative den Service public verbessern?",https://www.srf.ch/sendungen/arena/service-public-die-publikumsdebatte
211,20160617,* Applaus *,1,Gut genug für den Schweizer Pass?,"Die Schweiz hat europaweit eines der strengsten Einbürgerungsregimes. Was erwarten wir von Ausländern, die eingebürgert werden wollen? Sind die Hürden zum Pass heute zu hoch? Oder bürgert die Schweiz Ausländer zu schnell und zu unkritisch ein?",https://www.srf.ch/sendungen/arena/gut-genug-fuer-den-schweizer-pass
212,20161104,* Christoph Blocher,1,Wer hat das Sagen im Land?,"Unterdessen ist klar: Die Masseneinwanderungsinitiative wird nicht wirklich umgesetzt. Verrät die Politik hier das Volk? Oder liegt der Fehler bei der SVP? Spaltet die mächtigste Partei der Schweiz unnötig unser Land und macht Versprechungen, die keiner halten kann?",https://www.srf.ch/sendungen/arena/wer-hat-das-sagen-im-land
213,20161104,* Christoph Blocher murmelt etwas. *,1,Wer hat das Sagen im Land?,"Unterdessen ist klar: Die Masseneinwanderungsinitiative wird nicht wirklich umgesetzt. Verrät die Politik hier das Volk? Oder liegt der Fehler bei der SVP? Spaltet die mächtigste Partei der Schweiz unnötig unser Land und macht Versprechungen, die keiner halten kann?",https://www.srf.ch/sendungen/arena/wer-hat-das-sagen-im-land
214,20161104,* Lachen *,1,Wer hat das Sagen im Land?,"Unterdessen ist klar: Die Masseneinwanderungsinitiative wird nicht wirklich umgesetzt. Verrät die Politik hier das Volk? Oder liegt der Fehler bei der SVP? Spaltet die mächtigste Partei der Schweiz unnötig unser Land und macht Versprechungen, die keiner halten kann?",https://www.srf.ch/sendungen/arena/wer-hat-das-sagen-im-land
215,20161104,murmelt etwas Unverständliches. *,1,Wer hat das Sagen im Land?,"Unterdessen ist klar: Die Masseneinwanderungsinitiative wird nicht wirklich umgesetzt. Verrät die Politik hier das Volk? Oder liegt der Fehler bei der SVP? Spaltet die mächtigste Partei der Schweiz unnötig unser Land und macht Versprechungen, die keiner halten kann?",https://www.srf.ch/sendungen/arena/wer-hat-das-sagen-im-land
216,20160401,* Er spricht Arabisch. *,1,Angst vor dem Islam,Islamistisch motivierte Anschläge wie jüngst in Brüssel führen auch in der Schweiz zu Angst vor dem Islam. Wie gehen die Muslime damit um? Und: Was hat der Islam mit den IS-Selbstmordattentätern zu tun?,https://www.srf.ch/sendungen/arena/angst-vor-dem-islam
217,20170519,* Markus Ritter,1,Eine tierische «Arena»,"Am sechsten Tag schuf Gott Mensch und Landtiere. Seither haben die einen mehr Rechte als die anderen. Zumindest in der Schweiz rückt der Tierschutz aber mehr in den Fokus, wie verschiedene Initiativen zeigen. Brauchen wir mehr Rechte für Tiere?",https://www.srf.ch/sendungen/arena/eine-tierische-arena
218,20170519,sagt etwas Unverständliches. *,1,Eine tierische «Arena»,"Am sechsten Tag schuf Gott Mensch und Landtiere. Seither haben die einen mehr Rechte als die anderen. Zumindest in der Schweiz rückt der Tierschutz aber mehr in den Fokus, wie verschiedene Initiativen zeigen. Brauchen wir mehr Rechte für Tiere?",https://www.srf.ch/sendungen/arena/eine-tierische-arena
219,20170526,* Lachen *,1,Die Parteipräsidenten,"Fast ist Halbzeit in Bern: Was hat die erste Legislatur-Hälfte gebracht? Wer sind die Sieger, wer die Verlierer? Die grosse Analyse in der «Arena»: Wer ist schuld an der versenkten Unternehmenssteuer-Reform III? Was taugt der angebliche bürgerliche Schulterschluss? Und wie geht es weiter mit Europa?",https://www.srf.ch/sendungen/arena/die-parteipraesidenten
220,20170901,* Applaus *,1,Wer rettet meine Rente?,"Nun greift Dreifuss ein! Für die grosse Rentendebatte steigt alt Bundesrätin Ruth Dreifuss in die «Arena». Ihr Gegner im Ring ist eine Legende der liberalen Politik: Der frühere Präsident der Economiesuisse, Gerold Bührer. Ist diese Reform bitter nötig oder brandgefährlich?",https://www.srf.ch/sendungen/arena/wer-rettet-meine-rente
221,20170901,* Lachen *,1,Wer rettet meine Rente?,"Nun greift Dreifuss ein! Für die grosse Rentendebatte steigt alt Bundesrätin Ruth Dreifuss in die «Arena». Ihr Gegner im Ring ist eine Legende der liberalen Politik: Der frühere Präsident der Economiesuisse, Gerold Bührer. Ist diese Reform bitter nötig oder brandgefährlich?",https://www.srf.ch/sendungen/arena/wer-rettet-meine-rente
222,20170908,* Lachen *,1,Abstimmungs-Arena: «Altersvorsorge 2020»,"Am 24. September stimmen wir über die «Altersvorsorge 2020» ab. Sie betrifft uns alle: Frauen sollen bis 65 arbeiten, die Pensionskassen saniert werden und die Renten stabil bleiben. Ist die Reform dringend nötig und ein wichtiger Kompromiss – oder handelt es sich um eine gefährliche «Scheinreform»?",https://www.srf.ch/sendungen/arena/abstimmungs-arena-altersvorsorge-2020
223,20170908,* Spannungsgeladene Musik *,1,Abstimmungs-Arena: «Altersvorsorge 2020»,"Am 24. September stimmen wir über die «Altersvorsorge 2020» ab. Sie betrifft uns alle: Frauen sollen bis 65 arbeiten, die Pensionskassen saniert werden und die Renten stabil bleiben. Ist die Reform dringend nötig und ein wichtiger Kompromiss – oder handelt es sich um eine gefährliche «Scheinreform»?",https://www.srf.ch/sendungen/arena/abstimmungs-arena-altersvorsorge-2020
224,20170915,* Lachen *,1,Wer wird Bundesrat?,"Wer wird neue Bundesrätin oder neuer Bundesrat? In der «Arena» treffen sich die sieben Parteipräsidenten. Setzen sie auf Isabelle Moret, Ignazio Cassis oder Pierre Maudet? Ist das Tessin oder sind die Frauen an der Reihe? Und: Zählt bei der Wahl Kalkül – oder Kompetenz?",https://www.srf.ch/sendungen/arena/wer-wird-bundesrat
225,20170915,* Signalton *,1,Wer wird Bundesrat?,"Wer wird neue Bundesrätin oder neuer Bundesrat? In der «Arena» treffen sich die sieben Parteipräsidenten. Setzen sie auf Isabelle Moret, Ignazio Cassis oder Pierre Maudet? Ist das Tessin oder sind die Frauen an der Reihe? Und: Zählt bei der Wahl Kalkül – oder Kompetenz?",https://www.srf.ch/sendungen/arena/wer-wird-bundesrat
226,20171013,* Applaus *,1,Politik – alles nur gekauft?,"Politik kostet Geld. Woher es kommt, weiss jedoch niemand. Das will die Transparenz-Initiative nun ändern. Parteien und Komitees sollen transparent machen, woher sie wie viel Geld haben. Gegner erwidern: Die Initiative verletze die Privatsphäre der Bürger.",https://www.srf.ch/sendungen/arena/politik-alles-nur-gekauft
227,20171013,* Klatschen *,1,Politik – alles nur gekauft?,"Politik kostet Geld. Woher es kommt, weiss jedoch niemand. Das will die Transparenz-Initiative nun ändern. Parteien und Komitees sollen transparent machen, woher sie wie viel Geld haben. Gegner erwidern: Die Initiative verletze die Privatsphäre der Bürger.",https://www.srf.ch/sendungen/arena/politik-alles-nur-gekauft
228,20171013,* Lachen *,1,Politik – alles nur gekauft?,"Politik kostet Geld. Woher es kommt, weiss jedoch niemand. Das will die Transparenz-Initiative nun ändern. Parteien und Komitees sollen transparent machen, woher sie wie viel Geld haben. Gegner erwidern: Die Initiative verletze die Privatsphäre der Bürger.",https://www.srf.ch/sendungen/arena/politik-alles-nur-gekauft
229,20171027,* Lachen *,1,Rente - nun erst mit 70?,"Bundesrat Berset lädt die Gewinner und die Verlierer der Abstimmung zur Altersvorsorge 2020 an den runden Tisch. Das Ziel: eine neue Reform, denn die ist dringend notwendig. Aber wie soll diese aussehen, damit sie vor dem Stimmvolk besteht? Und: Müssen wir bald viel länger arbeiten?",https://www.srf.ch/sendungen/arena/rente-nun-erst-mit-70
230,20171201,* Sie sprechen durcheinander. *,1,Impf oder stirb?,"Die Grippezeit steht kurz bevor. Sollte man sich deshalb gegen die Grippe impfen lassen – oder ist die Grippeimpfung unnötig? Und was ist mit gefährlicheren Krankheiten wie Starrkrampf oder Kinderlähmung? Ärzte, Fachleute und Impfgegner stehen in der «Arena».",https://www.srf.ch/sendungen/arena/impf-oder-stirb
231,20170505,* Lachen *,1,Sind wir zu freizügig?,Europa wird immer EU-kritischer: In Frankreich könnte Marine Le Pen vom «Front National» Präsidentin werden – und auch in der Schweiz wird die Personenfreizügigkeit nun frontal angegriffen. Kippt die EU?,https://www.srf.ch/sendungen/arena/sind-wir-zu-freizuegig
232,20170428,* Spannungsgeladene Musik *,1,Abstimmungs-Arena: «Energiestrategie»,"Langfristig aus der Kernenergie aussteigen und stattdessen erneuerbare Energien fördern – das will das neue Energiegesetz. Dies sei im Sinne der Nachhaltigkeit wichtig für die Zukunft der Schweiz, sagen die Befürworter. Die Gegner hingegen warnen vor Versorgungsengpässen und hohen Kosten.",https://www.srf.ch/sendungen/arena/abstimmungs-arena-energiestrategie
233,20170428,* Lachen *,1,Abstimmungs-Arena: «Energiestrategie»,"Langfristig aus der Kernenergie aussteigen und stattdessen erneuerbare Energien fördern – das will das neue Energiegesetz. Dies sei im Sinne der Nachhaltigkeit wichtig für die Zukunft der Schweiz, sagen die Befürworter. Die Gegner hingegen warnen vor Versorgungsengpässen und hohen Kosten.",https://www.srf.ch/sendungen/arena/abstimmungs-arena-energiestrategie
234,20161216,* Sie sprechen durcheinander. *,1,Schöne Bescherung,"Rund ums Jahr streiten Politiker in der «Arena». Diesen Freitag aber wird nicht gegeneinander, sondern miteinander diskutiert – und zwar über Weihnachten. Ist das heute noch ein religiöses Fest? Oder heisst Weihnachten nur noch: Wir essen, wir trinken – und wir huldigen dem Gott des Konsums?",https://www.srf.ch/sendungen/arena/schoene-bescherung
235,20161118,* Einzelner Applaus *,1,Kapitalismus oder Klassenkampf?,"Trump gewinnt, Europa rutscht nach rechts. Aber was sind die Rezepte der Linken dagegen? Die SP Schweiz und ihr Präsident Christian Levrat reagieren mit Kapitalismus-Kritik: Mehr soziale Gerechtigkeit sei die Lösung, finden sie.",https://www.srf.ch/sendungen/arena/kapitalismus-oder-klassenkampf
236,20161118,* Gemütlicher Rapsong,1,Kapitalismus oder Klassenkampf?,"Trump gewinnt, Europa rutscht nach rechts. Aber was sind die Rezepte der Linken dagegen? Die SP Schweiz und ihr Präsident Christian Levrat reagieren mit Kapitalismus-Kritik: Mehr soziale Gerechtigkeit sei die Lösung, finden sie.",https://www.srf.ch/sendungen/arena/kapitalismus-oder-klassenkampf
237,20161118,von Tommy Vercetti *,1,Kapitalismus oder Klassenkampf?,"Trump gewinnt, Europa rutscht nach rechts. Aber was sind die Rezepte der Linken dagegen? Die SP Schweiz und ihr Präsident Christian Levrat reagieren mit Kapitalismus-Kritik: Mehr soziale Gerechtigkeit sei die Lösung, finden sie.",https://www.srf.ch/sendungen/arena/kapitalismus-oder-klassenkampf
238,20161125,* Lachen *,1,Vergoldete Bauern?,"Die Schweiz spart – und das erfolgreich: bei den Ausgaben für Bildung, Entwicklungshilfe, selbst bei der Armee. Die Bauern aber blieben etwa in der Sparrunde vom letzten Dezember verschont. Ist das richtig, weil die Bauern zu unserer Tradition gehören? Oder müssten auch sie vermehrt Federn lassen?",https://www.srf.ch/sendungen/arena/vergoldete-bauern
239,20161202,* Signalton *,1,Zuwanderung: Der Showdown,"Die Zeit drängt: Bis am 9. Februar 2017 muss die Zuwanderungs-Initiative der SVP umgesetzt sein, so steht es in der Verfassung. Darum peitscht man das Geschäft nun durch die Räte. Am Donnerstag hat der Ständerat entschieden, wie er die Initiative umsetzen will. Am Montag ist der Nationalrat dran.",https://www.srf.ch/sendungen/arena/zuwanderung-der-showdown
240,20161216,* Lachen *,1,Schöne Bescherung,"Rund ums Jahr streiten Politiker in der «Arena». Diesen Freitag aber wird nicht gegeneinander, sondern miteinander diskutiert – und zwar über Weihnachten. Ist das heute noch ein religiöses Fest? Oder heisst Weihnachten nur noch: Wir essen, wir trinken – und wir huldigen dem Gott des Konsums?",https://www.srf.ch/sendungen/arena/schoene-bescherung
241,20170324,* Lachen *,1,Auf in die EU?,"Vor 25 Jahren war der EU-Beitritt für viele eine Option, heute kommt schon die Frage danach einem Tabubruch gleich. Nur wenige – wie die schweizerisch-europäische Jugendorganisation YES – wollen noch immer in die EU. Woher diese grosse Einigkeit? Und: Ist verrückt, wer heute noch an die EU glaubt?",https://www.srf.ch/sendungen/arena/auf-in-die-eu
242,20170421,* Signalton *,1,Ü50 - chancenlos?,"Den Job zu verlieren – der Albtraum jedes Arbeitnehmenden. Eine Altersgruppe trifft es besonders hart: Arbeitslose über 50 finden kaum mehr eine neue Stelle. Weshalb verzichten Firmen auf erfahrene Arbeitskräfte? Und: Was müssen Betroffene machen, um wieder attraktiver für die Unternehmen zu werden?",https://www.srf.ch/sendungen/arena/ue50-chancenlos
243,20170331,* Applaus *,1,"Klick, Like, Hass","Beleidigungen, Ehrverletzungen, Morddrohungen – im Internet gehört das zur Tagesordnung. Bürger und Politiker sind betroffen. Haben wir den Anstand verloren? Verroht nun auch die Politik? Und: Woher kommt diese neue Lust am Hass?",https://www.srf.ch/sendungen/arena/klick-like-hass
244,20170331,* Er äfft sie nach. *,1,"Klick, Like, Hass","Beleidigungen, Ehrverletzungen, Morddrohungen – im Internet gehört das zur Tagesordnung. Bürger und Politiker sind betroffen. Haben wir den Anstand verloren? Verroht nun auch die Politik? Und: Woher kommt diese neue Lust am Hass?",https://www.srf.ch/sendungen/arena/klick-like-hass
245,20170331,* Zögerlicher Applaus *,1,"Klick, Like, Hass","Beleidigungen, Ehrverletzungen, Morddrohungen – im Internet gehört das zur Tagesordnung. Bürger und Politiker sind betroffen. Haben wir den Anstand verloren? Verroht nun auch die Politik? Und: Woher kommt diese neue Lust am Hass?",https://www.srf.ch/sendungen/arena/klick-like-hass
246,20170407,* Applaus *,1,Die Attacke,"Die SVP zielt auf die Menschenrechts-Konvention: Sie möchte, dass Schweizer Recht über allem steht, auch über dem Gerichtshof für Menschenrechte in Strassburg. Wie gefährlich ist die sogenannte «Selbstbestimmungsinitiative» der SVP? Und: Wie wichtig ist es uns, alles «selbst bestimmen» zu können?",https://www.srf.ch/sendungen/arena/die-attacke
247,20170407,* Lachen *,1,Die Attacke,"Die SVP zielt auf die Menschenrechts-Konvention: Sie möchte, dass Schweizer Recht über allem steht, auch über dem Gerichtshof für Menschenrechte in Strassburg. Wie gefährlich ist die sogenannte «Selbstbestimmungsinitiative» der SVP? Und: Wie wichtig ist es uns, alles «selbst bestimmen» zu können?",https://www.srf.ch/sendungen/arena/die-attacke
248,20170421,* Husten *,1,Ü50 - chancenlos?,"Den Job zu verlieren – der Albtraum jedes Arbeitnehmenden. Eine Altersgruppe trifft es besonders hart: Arbeitslose über 50 finden kaum mehr eine neue Stelle. Weshalb verzichten Firmen auf erfahrene Arbeitskräfte? Und: Was müssen Betroffene machen, um wieder attraktiver für die Unternehmen zu werden?",https://www.srf.ch/sendungen/arena/ue50-chancenlos
249,20170505,Interesse der EU. * Signalton *,1,Sind wir zu freizügig?,Europa wird immer EU-kritischer: In Frankreich könnte Marine Le Pen vom «Front National» Präsidentin werden – und auch in der Schweiz wird die Personenfreizügigkeit nun frontal angegriffen. Kippt die EU?,https://www.srf.ch/sendungen/arena/sind-wir-zu-freizuegig
